-- SCRIPT MAESTRO DE BASES DE DATOS DEL EXAMEN
SET NAMES utf8mb4;
SET FOREIGN_KEY_CHECKS = 0;

-- ============================================================================
-- BASE DE DATOS: CICLISMO
-- ============================================================================
DROP DATABASE IF EXISTS ciclismo_db;
CREATE DATABASE ciclismo_db;
USE ciclismo_db;

CREATE TABLE equipo (
    nomeq VARCHAR(60) PRIMARY KEY,
    director VARCHAR(80) NOT NULL
);

CREATE TABLE ciclista (
    dorsal INT PRIMARY KEY,
    nombre VARCHAR(80) NOT NULL,
    edad INT NOT NULL CHECK (edad BETWEEN 18 AND 45),
    nomeq VARCHAR(60) NOT NULL,
    FOREIGN KEY (nomeq) REFERENCES equipo(nomeq)
);

CREATE TABLE etapa (
    netapa INT PRIMARY KEY,
    km INT NOT NULL,
    salida VARCHAR(80) NOT NULL,
    llegada VARCHAR(80) NOT NULL,
    dorsal INT NOT NULL,
    FOREIGN KEY (dorsal) REFERENCES ciclista(dorsal)
);

CREATE TABLE puerto (
    nompuerto VARCHAR(80),
    altura INT NOT NULL,
    pendiente DECIMAL(4,1) NOT NULL,
    categoria INT NOT NULL,
    netapa INT NOT NULL,
    dorsal INT NOT NULL,
    PRIMARY KEY (nompuerto, netapa),
    FOREIGN KEY (netapa) REFERENCES etapa(netapa),
    FOREIGN KEY (dorsal) REFERENCES ciclista(dorsal)
);

CREATE TABLE maillot (
    codigo CHAR(3) PRIMARY KEY,
    tipo VARCHAR(60) NOT NULL,
    premio INT NOT NULL,
    color VARCHAR(30) NOT NULL
);

CREATE TABLE llevar (
    codigo CHAR(3),
    netapa INT,
    dorsal INT,
    PRIMARY KEY (codigo, netapa),
    FOREIGN KEY (codigo) REFERENCES maillot(codigo),
    FOREIGN KEY (netapa) REFERENCES etapa(netapa),
    FOREIGN KEY (dorsal) REFERENCES ciclista(dorsal)
);

INSERT INTO equipo (nomeq, director) VALUES
('Orion Pro', 'Lucas Bernal'),
('Helios Continental', 'Marcus Lowe'),
('Altair Racing', 'Pau Gutierrez'),
('Baltic Edge', 'Rokas Zidek'),
('Cumbre Azul', 'Emilio Marin'),
('Delta Spark', 'Gabe Hunter'),
('Eclipse Iberia', 'Raul Ortega'),
('Fjord Tech', 'Mads Larsen'),
('Granite Shield', 'Noah Pierce'),
('Horizon Andes', 'Nicolas Rueda'),
('Ion Drive', 'Victor Reis'),
('Jade Valley', 'Kenji Sato');

INSERT INTO ciclista (dorsal, nombre, edad, nomeq) VALUES
(11, 'Adrian Alonso', 34, 'Orion Pro'),
(12, 'Bruno Burgos', 35, 'Orion Pro'),
(13, 'Carlos Carrillo', 36, 'Orion Pro'),
(14, 'Diego Domenech', 37, 'Orion Pro'),
(15, 'Eric Estevez', 23, 'Orion Pro'),
(16, 'Fabio Domenech', 24, 'Helios Continental'),
(17, 'Gael Estevez', 25, 'Helios Continental'),
(18, 'Hector Ferreyra', 26, 'Helios Continental'),
(19, 'Ivan Garrido', 27, 'Helios Continental'),
(20, 'Julio Herrera', 28, 'Helios Continental'),
(21, 'Kevin Garrido', 29, 'Altair Racing'),
(22, 'Leo Herrera', 30, 'Altair Racing'),
(23, 'Mario Iglesias', 31, 'Altair Racing'),
(24, 'Nico Juste', 32, 'Altair Racing'),
(25, 'Oscar Keller', 33, 'Altair Racing'),
(26, 'Pau Juste', 34, 'Baltic Edge'),
(27, 'Quim Keller', 35, 'Baltic Edge'),
(28, 'Ruben Leroux', 36, 'Baltic Edge'),
(29, 'Saul Mendez', 37, 'Baltic Edge'),
(30, 'Teo Navarro', 23, 'Baltic Edge'),
(31, 'Uriel Mendez', 24, 'Cumbre Azul'),
(32, 'Victor Navarro', 25, 'Cumbre Azul'),
(33, 'Will Oliva', 26, 'Cumbre Azul'),
(34, 'Xabi Paredes', 27, 'Cumbre Azul'),
(35, 'Yago Quintana', 28, 'Cumbre Azul'),
(36, 'Zain Paredes', 29, 'Delta Spark'),
(37, 'Alex Quintana', 30, 'Delta Spark'),
(38, 'Biel Rios', 31, 'Delta Spark'),
(39, 'Cesar Santos', 32, 'Delta Spark'),
(40, 'Dario Torres', 33, 'Delta Spark'),
(41, 'Eloy Santos', 34, 'Eclipse Iberia'),
(42, 'Felix Torres', 35, 'Eclipse Iberia'),
(43, 'Adrian Urrutia', 36, 'Eclipse Iberia'),
(44, 'Bruno Vega', 37, 'Eclipse Iberia'),
(45, 'Carlos Weiss', 23, 'Eclipse Iberia'),
(46, 'Diego Vega', 24, 'Fjord Tech'),
(47, 'Eric Weiss', 25, 'Fjord Tech'),
(48, 'Fabio Ximenez', 26, 'Fjord Tech'),
(49, 'Gael Ybarra', 27, 'Fjord Tech'),
(50, 'Hector Zapata', 28, 'Fjord Tech'),
(51, 'Ivan Ybarra', 29, 'Granite Shield'),
(52, 'Julio Zapata', 30, 'Granite Shield'),
(53, 'Kevin Correa', 31, 'Granite Shield'),
(54, 'Leo Delmonte', 32, 'Granite Shield'),
(55, 'Mario Escriba', 33, 'Granite Shield'),
(56, 'Nico Delmonte', 34, 'Horizon Andes'),
(57, 'Oscar Escriba', 35, 'Horizon Andes'),
(58, 'Pau Figueras', 36, 'Horizon Andes'),
(59, 'Quim Gimenez', 37, 'Horizon Andes'),
(60, 'Ruben Hidalgo', 23, 'Horizon Andes'),
(61, 'Saul Gimenez', 24, 'Ion Drive'),
(62, 'Teo Hidalgo', 25, 'Ion Drive'),
(63, 'Uriel Alonso', 26, 'Ion Drive'),
(64, 'Victor Burgos', 27, 'Ion Drive'),
(65, 'Will Carrillo', 28, 'Ion Drive'),
(66, 'Xabi Burgos', 29, 'Jade Valley'),
(67, 'Yago Carrillo', 30, 'Jade Valley'),
(68, 'Zain Domenech', 31, 'Jade Valley'),
(69, 'Alex Estevez', 32, 'Jade Valley'),
(70, 'Biel Ferreyra', 33, 'Jade Valley');

INSERT INTO etapa (netapa, km, salida, llegada, dorsal) VALUES
(101, 184, 'Bilbao', 'Vitoria', 11),
(102, 172, 'Pamplona', 'Logrono', 14),
(103, 198, 'San Sebastian', 'Santander', 17),
(104, 162, 'Gijon', 'Oviedo', 20),
(105, 201, 'Leon', 'Ponferrada', 23),
(106, 189, 'Salamanca', 'Caceres', 26),
(107, 210, 'Caceres', 'Sevilla', 29),
(108, 145, 'Sevilla', 'Cordoba', 32),
(109, 195, 'Cordoba', 'Jaen', 35),
(110, 168, 'Granada', 'Malaga', 38),
(111, 205, 'Murcia', 'Alicante', 41),
(112, 178, 'Valencia', 'Castellon', 44),
(113, 190, 'Castellon', 'Tarragona', 47),
(114, 160, 'Tarragona', 'Barcelona', 50),
(115, 215, 'Barcelona', 'Andorra', 53),
(116, 182, 'Huesca', 'Jaca', 56),
(117, 167, 'Zaragoza', 'Calatayud', 59),
(118, 199, 'Soria', 'Madrid', 62);

INSERT INTO puerto (nompuerto, altura, pendiente, categoria, netapa, dorsal) VALUES
('Puerto Aguila 1-1', 600, 4.50, 1, 101, 11),
('Puerto Bravo 1-2', 680, 5.60, 2, 101, 13),
('Puerto Cedar 1-3', 760, 6.70, 3, 101, 15),
('Puerto Bravo 2-1', 620, 5.50, 1, 102, 12),
('Puerto Cedar 2-2', 700, 6.60, 2, 102, 14),
('Puerto Draco 2-3', 780, 7.70, 3, 102, 16),
('Puerto Cedar 3-1', 640, 6.50, 1, 103, 13),
('Puerto Draco 3-2', 720, 7.60, 2, 103, 15),
('Puerto Eclipse 3-3', 800, 8.70, 3, 103, 17),
('Puerto Draco 4-1', 660, 7.50, 1, 104, 14),
('Puerto Eclipse 4-2', 740, 8.60, 2, 104, 16),
('Puerto Fenix 4-3', 820, 9.70, 3, 104, 18),
('Puerto Eclipse 5-1', 680, 4.50, 1, 105, 15),
('Puerto Fenix 5-2', 760, 5.60, 2, 105, 17),
('Puerto Gavia 5-3', 840, 6.70, 3, 105, 19),
('Puerto Fenix 6-1', 700, 5.50, 1, 106, 16),
('Puerto Gavia 6-2', 780, 6.60, 2, 106, 18),
('Puerto Halcón 6-3', 860, 7.70, 3, 106, 20),
('Puerto Gavia 7-1', 720, 6.50, 1, 107, 17),
('Puerto Halcón 7-2', 800, 7.60, 2, 107, 19),
('Puerto Ilex 7-3', 880, 8.70, 3, 107, 21),
('Puerto Halcón 8-1', 740, 7.50, 1, 108, 18),
('Puerto Ilex 8-2', 820, 8.60, 2, 108, 20),
('Puerto Jade 8-3', 900, 9.70, 3, 108, 22),
('Puerto Ilex 9-1', 760, 4.50, 1, 109, 19),
('Puerto Jade 9-2', 840, 5.60, 2, 109, 21),
('Puerto Kenia 9-3', 920, 6.70, 3, 109, 23),
('Puerto Jade 10-1', 780, 5.50, 1, 110, 20),
('Puerto Kenia 10-2', 860, 6.60, 2, 110, 22),
('Puerto Lince 10-3', 940, 7.70, 3, 110, 24),
('Puerto Kenia 11-1', 800, 6.50, 1, 111, 21),
('Puerto Lince 11-2', 880, 7.60, 2, 111, 23),
('Puerto Aguila 11-3', 960, 8.70, 3, 111, 25),
('Puerto Lince 12-1', 820, 7.50, 1, 112, 22),
('Puerto Aguila 12-2', 900, 8.60, 2, 112, 24),
('Puerto Bravo 12-3', 980, 9.70, 3, 112, 26),
('Puerto Aguila 13-1', 840, 4.50, 1, 113, 23),
('Puerto Bravo 13-2', 920, 5.60, 2, 113, 25),
('Puerto Cedar 13-3', 1000, 6.70, 3, 113, 27),
('Puerto Bravo 14-1', 860, 5.50, 1, 114, 24),
('Puerto Cedar 14-2', 940, 6.60, 2, 114, 26),
('Puerto Draco 14-3', 1020, 7.70, 3, 114, 28),
('Puerto Cedar 15-1', 880, 6.50, 1, 115, 25),
('Puerto Draco 15-2', 960, 7.60, 2, 115, 27),
('Puerto Eclipse 15-3', 1040, 8.70, 3, 115, 29),
('Puerto Draco 16-1', 900, 7.50, 1, 116, 26),
('Puerto Eclipse 16-2', 980, 8.60, 2, 116, 28),
('Puerto Fenix 16-3', 1060, 9.70, 3, 116, 30),
('Puerto Eclipse 17-1', 920, 4.50, 1, 117, 27),
('Puerto Fenix 17-2', 1000, 5.60, 2, 117, 29),
('Puerto Gavia 17-3', 1080, 6.70, 3, 117, 31),
('Puerto Fenix 18-1', 940, 5.50, 1, 118, 28),
('Puerto Gavia 18-2', 1020, 6.60, 2, 118, 30),
('Puerto Halcón 18-3', 1100, 7.70, 3, 118, 32);

INSERT INTO maillot (codigo, tipo, premio, color) VALUES
('GEN', 'General', 25000, 'Amarillo'),
('MON', 'Montana', 15000, 'Luna'),
('PTS', 'Puntos', 12000, 'Verde'),
('JOV', 'Joven', 8000, 'Blanco'),
('COM', 'Combatividad', 6000, 'Rojo');

INSERT INTO llevar (codigo, netapa, dorsal) VALUES
('GEN', 101, 11),
('MON', 101, 18),
('PTS', 101, 25),
('JOV', 101, 32),
('COM', 101, 39),
('GEN', 102, 13),
('MON', 102, 20),
('PTS', 102, 27),
('JOV', 102, 34),
('COM', 102, 41),
('GEN', 103, 15),
('MON', 103, 22),
('PTS', 103, 29),
('JOV', 103, 36),
('COM', 103, 43),
('GEN', 104, 17),
('MON', 104, 24),
('PTS', 104, 31),
('JOV', 104, 38),
('COM', 104, 45),
('GEN', 105, 19),
('MON', 105, 26),
('PTS', 105, 33),
('JOV', 105, 40),
('COM', 105, 47),
('GEN', 106, 21),
('MON', 106, 28),
('PTS', 106, 35),
('JOV', 106, 42),
('COM', 106, 49),
('GEN', 107, 23),
('MON', 107, 30),
('PTS', 107, 37),
('JOV', 107, 44),
('COM', 107, 51),
('GEN', 108, 25),
('MON', 108, 32),
('PTS', 108, 39),
('JOV', 108, 46),
('COM', 108, 53),
('GEN', 109, 27),
('MON', 109, 34),
('PTS', 109, 41),
('JOV', 109, 48),
('COM', 109, 55),
('GEN', 110, 29),
('MON', 110, 36),
('PTS', 110, 43),
('JOV', 110, 50),
('COM', 110, 57),
('GEN', 111, 31),
('MON', 111, 38),
('PTS', 111, 45),
('JOV', 111, 52),
('COM', 111, 59),
('GEN', 112, 33),
('MON', 112, 40),
('PTS', 112, 47),
('JOV', 112, 54),
('COM', 112, 61),
('GEN', 113, 35),
('MON', 113, 42),
('PTS', 113, 49),
('JOV', 113, 56),
('COM', 113, 63),
('GEN', 114, 37),
('MON', 114, 44),
('PTS', 114, 51),
('JOV', 114, 58),
('COM', 114, 65),
('GEN', 115, 39),
('MON', 115, 46),
('PTS', 115, 53),
('JOV', 115, 60),
('COM', 115, 67),
('GEN', 116, 41),
('MON', 116, 48),
('PTS', 116, 55),
('JOV', 116, 62),
('COM', 116, 69),
('GEN', 117, 43),
('MON', 117, 50),
('PTS', 117, 57),
('JOV', 117, 64),
('COM', 117, 11),
('GEN', 118, 45),
('MON', 118, 52),
('PTS', 118, 59),
('JOV', 118, 66),
('COM', 118, 13);

-- ============================================================================
-- Datos ampliados para Ciclismo
INSERT INTO equipo VALUES
('Nebula Ride', 'Samuel Prats'),
('Atlas Sprint', 'Clara Mendez'),
('Costa Brava', 'Ignacio Belmonte'),
('Rio Andino', 'Mauricio Tovar'),
('Desert Bloom', 'Farid Nadim'),
('Mont Blanc', 'Helena Jacquet'),
('Sierra Roja', 'Ruben Galan'),
('Pacific Drift', 'Kenji Morita');
INSERT INTO ciclista VALUES
(71, 'Adan Aranda', 24, 'Nebula Ride'),
(72, 'Brais Barredo', 26, 'Nebula Ride'),
(73, 'Ciro Cerezo', 28, 'Nebula Ride'),
(74, 'Dami Domingo', 30, 'Nebula Ride'),
(75, 'Eneko Escoda', 32, 'Nebula Ride'),
(76, 'Brais Cerezo', 29, 'Atlas Sprint'),
(77, 'Ciro Domingo', 31, 'Atlas Sprint'),
(78, 'Dami Escoda', 33, 'Atlas Sprint'),
(79, 'Eneko Fuster', 35, 'Atlas Sprint'),
(80, 'Ferran Galiano', 23, 'Atlas Sprint'),
(81, 'Ciro Escoda', 34, 'Costa Brava'),
(82, 'Dami Fuster', 36, 'Costa Brava'),
(83, 'Eneko Galiano', 24, 'Costa Brava'),
(84, 'Ferran Herrera', 26, 'Costa Brava'),
(85, 'Galo Izurieta', 28, 'Costa Brava'),
(86, 'Dami Galiano', 25, 'Rio Andino'),
(87, 'Eneko Herrera', 27, 'Rio Andino'),
(88, 'Ferran Izurieta', 29, 'Rio Andino'),
(89, 'Galo Jover', 31, 'Rio Andino'),
(90, 'Hector Kovacs', 33, 'Rio Andino'),
(91, 'Eneko Izurieta', 30, 'Desert Bloom'),
(92, 'Ferran Jover', 32, 'Desert Bloom'),
(93, 'Galo Kovacs', 34, 'Desert Bloom'),
(94, 'Hector Lorca', 36, 'Desert Bloom'),
(95, 'Isma Mugica', 24, 'Desert Bloom'),
(96, 'Ferran Kovacs', 35, 'Mont Blanc'),
(97, 'Galo Lorca', 23, 'Mont Blanc'),
(98, 'Hector Mugica', 25, 'Mont Blanc'),
(99, 'Isma Nadal', 27, 'Mont Blanc'),
(100, 'Joel Ors', 29, 'Mont Blanc'),
(101, 'Galo Mugica', 26, 'Sierra Roja'),
(102, 'Hector Nadal', 28, 'Sierra Roja'),
(103, 'Isma Ors', 30, 'Sierra Roja'),
(104, 'Joel Peiro', 32, 'Sierra Roja'),
(105, 'Kevin Queralt', 34, 'Sierra Roja'),
(106, 'Hector Ors', 31, 'Pacific Drift'),
(107, 'Isma Peiro', 33, 'Pacific Drift'),
(108, 'Joel Queralt', 35, 'Pacific Drift'),
(109, 'Kevin Ramis', 23, 'Pacific Drift'),
(110, 'Luca Serra', 25, 'Pacific Drift');
INSERT INTO etapa VALUES
(201, 188, 'Burgos', 'Lerma', 71),
(202, 214, 'Valladolid', 'Segovia', 74),
(203, 176, 'Toledo', 'Talavera', 77),
(204, 205, 'Cuenca', 'Albacete', 80),
(205, 190, 'Alicante', 'Murcia', 83),
(206, 210, 'Murcia', 'Almeria', 86),
(207, 167, 'Granada', 'Jaen', 89),
(208, 230, 'Jaen', 'Cordoba', 92),
(209, 198, 'Cordoba', 'Sevilla', 95),
(210, 184, 'Sevilla', 'Huelva', 98),
(211, 222, 'Huelva', 'Lisboa', 101),
(212, 240, 'Lisboa', 'Porto', 104);
INSERT INTO puerto VALUES
('Puerto Nova 1-1', 520, 4.50, 1, 201, 71),
('Puerto Nova 1-2', 590, 5.30, 2, 201, 76),
('Puerto Nova 1-3', 660, 6.10, 3, 201, 81),
('Puerto Nova 2-1', 545, 5.50, 1, 202, 72),
('Puerto Nova 2-2', 615, 6.30, 2, 202, 77),
('Puerto Nova 2-3', 685, 7.10, 3, 202, 82),
('Puerto Nova 3-1', 570, 6.50, 1, 203, 73),
('Puerto Nova 3-2', 640, 7.30, 2, 203, 78),
('Puerto Nova 3-3', 710, 8.10, 3, 203, 83),
('Puerto Nova 4-1', 595, 4.50, 1, 204, 74),
('Puerto Nova 4-2', 665, 5.30, 2, 204, 79),
('Puerto Nova 4-3', 735, 6.10, 3, 204, 84),
('Puerto Nova 5-1', 620, 5.50, 1, 205, 75),
('Puerto Nova 5-2', 690, 6.30, 2, 205, 80),
('Puerto Nova 5-3', 760, 7.10, 3, 205, 85),
('Puerto Nova 6-1', 645, 6.50, 1, 206, 76),
('Puerto Nova 6-2', 715, 7.30, 2, 206, 81),
('Puerto Nova 6-3', 785, 8.10, 3, 206, 86),
('Puerto Nova 7-1', 670, 4.50, 1, 207, 77),
('Puerto Nova 7-2', 740, 5.30, 2, 207, 82),
('Puerto Nova 7-3', 810, 6.10, 3, 207, 87),
('Puerto Nova 8-1', 695, 5.50, 1, 208, 78),
('Puerto Nova 8-2', 765, 6.30, 2, 208, 83),
('Puerto Nova 8-3', 835, 7.10, 3, 208, 88),
('Puerto Nova 9-1', 720, 6.50, 1, 209, 79),
('Puerto Nova 9-2', 790, 7.30, 2, 209, 84),
('Puerto Nova 9-3', 860, 8.10, 3, 209, 89),
('Puerto Nova 10-1', 745, 4.50, 1, 210, 80),
('Puerto Nova 10-2', 815, 5.30, 2, 210, 85),
('Puerto Nova 10-3', 885, 6.10, 3, 210, 90),
('Puerto Nova 11-1', 770, 5.50, 1, 211, 81),
('Puerto Nova 11-2', 840, 6.30, 2, 211, 86),
('Puerto Nova 11-3', 910, 7.10, 3, 211, 91),
('Puerto Nova 12-1', 795, 6.50, 1, 212, 82),
('Puerto Nova 12-2', 865, 7.30, 2, 212, 87),
('Puerto Nova 12-3', 935, 8.10, 3, 212, 92);
INSERT INTO llevar VALUES
('GEN', 201, 71),
('MON', 201, 78),
('PTS', 201, 85),
('JOV', 201, 92),
('COM', 201, 99),
('GEN', 202, 73),
('MON', 202, 80),
('PTS', 202, 87),
('JOV', 202, 94),
('COM', 202, 101),
('GEN', 203, 75),
('MON', 203, 82),
('PTS', 203, 89),
('JOV', 203, 96),
('COM', 203, 103),
('GEN', 204, 77),
('MON', 204, 84),
('PTS', 204, 91),
('JOV', 204, 98),
('COM', 204, 105),
('GEN', 205, 79),
('MON', 205, 86),
('PTS', 205, 93),
('JOV', 205, 100),
('COM', 205, 107),
('GEN', 206, 81),
('MON', 206, 88),
('PTS', 206, 95),
('JOV', 206, 102),
('COM', 206, 109),
('GEN', 207, 83),
('MON', 207, 90),
('PTS', 207, 97),
('JOV', 207, 104),
('COM', 207, 71),
('GEN', 208, 85),
('MON', 208, 92),
('PTS', 208, 99),
('JOV', 208, 106),
('COM', 208, 73),
('GEN', 209, 87),
('MON', 209, 94),
('PTS', 209, 101),
('JOV', 209, 108),
('COM', 209, 75),
('GEN', 210, 89),
('MON', 210, 96),
('PTS', 210, 103),
('JOV', 210, 110),
('COM', 210, 77),
('GEN', 211, 91),
('MON', 211, 98),
('PTS', 211, 105),
('JOV', 211, 72),
('COM', 211, 79),
('GEN', 212, 93),
('MON', 212, 100),
('PTS', 212, 107),
('JOV', 212, 74),
('COM', 212, 81);

-- BASE DE DATOS: SEGUNDA MANO
-- ============================================================================
DROP DATABASE IF EXISTS segunda_mano_db;
CREATE DATABASE segunda_mano_db;
USE segunda_mano_db;

CREATE TABLE concesionario (
    codi_con INT PRIMARY KEY,
    nom VARCHAR(80) NOT NULL,
    ciudad VARCHAR(60) NOT NULL,
    director VARCHAR(80) NOT NULL
);

CREATE TABLE vendedor (
    dni CHAR(9) PRIMARY KEY,
    nom VARCHAR(80) NOT NULL,
    tlf VARCHAR(15) NOT NULL,
    ventas INT DEFAULT 0,
    codi_con INT NOT NULL,
    FOREIGN KEY (codi_con) REFERENCES concesionario(codi_con)
);

CREATE TABLE coche (
    matricula VARCHAR(12) PRIMARY KEY,
    marca VARCHAR(40) NOT NULL,
    modelo VARCHAR(60) NOT NULL,
    color VARCHAR(30) NOT NULL,
    kms INT NOT NULL,
    precio DECIMAL(10,2) NOT NULL,
    codi_con INT NOT NULL,
    FOREIGN KEY (codi_con) REFERENCES concesionario(codi_con)
);

INSERT INTO concesionario (codi_con, nom, ciudad, director) VALUES
(1, 'AutoNord', 'Madrid', 'Eva Flores'),
(2, 'CarBox', 'Barcelona', 'Jordi Pons'),
(3, 'RutaPlus', 'Valencia', 'Luis Ferrer'),
(4, 'Kilometro Cero', 'Sevilla', 'Ana Vera'),
(5, 'MotorWave', 'Bilbao', 'Unai Goiko'),
(6, 'EcoDrive', 'Zaragoza', 'Pilar Soria'),
(7, 'CityCars', 'Malaga', 'Celia Rueda'),
(8, 'PremiumMotors', 'Alicante', 'Ivan Serra'),
(9, 'NovaAuto', 'Valladolid', 'Oscar Mena'),
(10, 'AtlantisCars', 'Coruna', 'Brais Lamas');

INSERT INTO vendedor (dni, nom, tlf, ventas, codi_con) VALUES
('10000000A', 'Alba Arcos', '+34600000000', 10, 1),
('10000001B', 'Beltran Cano', '+34600000001', 13, 2),
('10000002C', 'Celia Escobedo', '+34600000002', 16, 3),
('10000003D', 'David Galvez', '+34600000003', 19, 4),
('10000004E', 'Erika Izquierdo', '+34600000004', 22, 5),
('10000005F', 'Fernando Keller', '+34600000005', 25, 6),
('10000006G', 'Gina Merino', '+34600000006', 28, 7),
('10000007H', 'Hugo Ortega', '+34600000007', 31, 8),
('10000008I', 'Irene Quero', '+34600000008', 34, 9),
('10000009J', 'Jon Sola', '+34600000009', 37, 10),
('10000010K', 'Karim Ugarte', '+34600000010', 40, 1),
('10000011L', 'Laura White', '+34600000011', 43, 2),
('10000012M', 'Mireia Yeves', '+34600000012', 46, 3),
('10000013N', 'Noel Arcos', '+34600000013', 49, 4),
('10000014O', 'Olga Cano', '+34600000014', 52, 5),
('10000015P', 'Pau Escobedo', '+34600000015', 10, 6),
('10000016Q', 'Quique Galvez', '+34600000016', 13, 7),
('10000017R', 'Raquel Izquierdo', '+34600000017', 16, 8),
('10000018S', 'Sergi Keller', '+34600000018', 19, 9),
('10000019T', 'Tamara Merino', '+34600000019', 22, 10),
('10000020U', 'Uxue Ortega', '+34600000020', 25, 1),
('10000021V', 'Vera Quero', '+34600000021', 28, 2),
('10000022W', 'Walter Sola', '+34600000022', 31, 3),
('10000023A', 'Xesca Ugarte', '+34600000023', 34, 4),
('10000024B', 'Yasir White', '+34600000024', 37, 5),
('10000025C', 'Zoe Yeves', '+34600000025', 40, 6),
('10000026D', 'Alba Arcos', '+34600000026', 43, 7),
('10000027E', 'Beltran Cano', '+34600000027', 46, 8),
('10000028F', 'Celia Escobedo', '+34600000028', 49, 9),
('10000029G', 'David Galvez', '+34600000029', 52, 10),
('10000030H', 'Erika Izquierdo', '+34600000030', 10, 1),
('10000031I', 'Fernando Keller', '+34600000031', 13, 2),
('10000032J', 'Gina Merino', '+34600000032', 16, 3),
('10000033K', 'Hugo Ortega', '+34600000033', 19, 4),
('10000034L', 'Irene Quero', '+34600000034', 22, 5),
('10000035M', 'Jon Sola', '+34600000035', 25, 6),
('10000036N', 'Karim Ugarte', '+34600000036', 28, 7),
('10000037O', 'Laura White', '+34600000037', 31, 8),
('10000038P', 'Mireia Yeves', '+34600000038', 34, 9),
('10000039Q', 'Noel Arcos', '+34600000039', 37, 10),
('10000040R', 'Olga Cano', '+34600000040', 40, 1),
('10000041S', 'Pau Escobedo', '+34600000041', 43, 2),
('10000042T', 'Quique Galvez', '+34600000042', 46, 3),
('10000043U', 'Raquel Izquierdo', '+34600000043', 49, 4),
('10000044V', 'Sergi Keller', '+34600000044', 52, 5),
('10000045W', 'Tamara Merino', '+34600000045', 10, 6),
('10000046A', 'Uxue Ortega', '+34600000046', 13, 7),
('10000047B', 'Vera Quero', '+34600000047', 16, 8),
('10000048C', 'Walter Sola', '+34600000048', 19, 9),
('10000049D', 'Xesca Ugarte', '+34600000049', 22, 10),
('10000050E', 'Yasir White', '+34600000050', 25, 1),
('10000051F', 'Zoe Yeves', '+34600000051', 28, 2),
('10000052G', 'Alba Arcos', '+34600000052', 31, 3),
('10000053H', 'Beltran Cano', '+34600000053', 34, 4),
('10000054I', 'Celia Escobedo', '+34600000054', 37, 5),
('10000055J', 'David Galvez', '+34600000055', 40, 6),
('10000056K', 'Erika Izquierdo', '+34600000056', 43, 7),
('10000057L', 'Fernando Keller', '+34600000057', 46, 8),
('10000058M', 'Gina Merino', '+34600000058', 49, 9),
('10000059N', 'Hugo Ortega', '+34600000059', 52, 10);

INSERT INTO coche (matricula, marca, modelo, color, kms, precio, codi_con) VALUES
('SP000AB', 'Toyota', 'Corolla', 'Blanco', 15000, 8000, 1),
('SP001BC', 'Seat', 'Leon', 'Rojo', 20000, 8600, 2),
('SP002CD', 'Renault', 'Megane', 'Verde', 25000, 9200, 3),
('SP003DE', 'Hyundai', 'i30', 'Azul', 30000, 9800, 4),
('SP004EF', 'Kia', 'Ceed', 'Plata', 35000, 10400, 5),
('SP005FG', 'Volkswagen', 'Golf', 'Negro', 40000, 11000, 6),
('SP006GH', 'BMW', 'Series 1', 'Gris', 45000, 11600, 7),
('SP007HI', 'Audi', 'A3', 'Blanco', 50000, 12200, 8),
('SP008IJ', 'Ford', 'Focus', 'Rojo', 55000, 12800, 9),
('SP009JK', 'Peugeot', '308', 'Verde', 60000, 13400, 10),
('SP010KL', 'Mazda', '3', 'Azul', 65000, 14000, 1),
('SP011LM', 'Honda', 'Civic', 'Plata', 70000, 14600, 2),
('SP012MN', 'Nissan', 'Qashqai', 'Negro', 75000, 15200, 3),
('SP013NO', 'Citroen', 'C4', 'Gris', 80000, 15800, 4),
('SP014OP', 'Skoda', 'Octavia', 'Blanco', 85000, 16400, 5),
('SP015PQ', 'Toyota', 'Corolla', 'Rojo', 90000, 17000, 6),
('SP016QR', 'Seat', 'Leon', 'Verde', 95000, 17600, 7),
('SP017RS', 'Renault', 'Megane', 'Azul', 100000, 18200, 8),
('SP018ST', 'Hyundai', 'i30', 'Plata', 105000, 18800, 9),
('SP019TU', 'Kia', 'Ceed', 'Negro', 110000, 19400, 10),
('SP020UV', 'Volkswagen', 'Golf', 'Gris', 15000, 20000, 1),
('SP021VW', 'BMW', 'Series 1', 'Blanco', 20000, 20600, 2),
('SP022WX', 'Audi', 'A3', 'Rojo', 25000, 21200, 3),
('SP023XY', 'Ford', 'Focus', 'Verde', 30000, 21800, 4),
('SP024YB', 'Peugeot', '308', 'Azul', 35000, 22400, 5),
('SP025ZC', 'Mazda', '3', 'Plata', 40000, 8000, 6),
('SP026AD', 'Honda', 'Civic', 'Negro', 45000, 8600, 7),
('SP027BE', 'Nissan', 'Qashqai', 'Gris', 50000, 9200, 8),
('SP028CF', 'Citroen', 'C4', 'Blanco', 55000, 9800, 9),
('SP029DG', 'Skoda', 'Octavia', 'Rojo', 60000, 10400, 10),
('SP030EH', 'Toyota', 'Corolla', 'Verde', 65000, 11000, 1),
('SP031FI', 'Seat', 'Leon', 'Azul', 70000, 11600, 2),
('SP032GJ', 'Renault', 'Megane', 'Plata', 75000, 12200, 3),
('SP033HK', 'Hyundai', 'i30', 'Negro', 80000, 12800, 4),
('SP034IL', 'Kia', 'Ceed', 'Gris', 85000, 13400, 5),
('SP035JM', 'Volkswagen', 'Golf', 'Blanco', 90000, 14000, 6),
('SP036KN', 'BMW', 'Series 1', 'Rojo', 95000, 14600, 7),
('SP037LO', 'Audi', 'A3', 'Verde', 100000, 15200, 8),
('SP038MP', 'Ford', 'Focus', 'Azul', 105000, 15800, 9),
('SP039NQ', 'Peugeot', '308', 'Plata', 110000, 16400, 10),
('SP040OR', 'Mazda', '3', 'Negro', 15000, 17000, 1),
('SP041PS', 'Honda', 'Civic', 'Gris', 20000, 17600, 2),
('SP042QT', 'Nissan', 'Qashqai', 'Blanco', 25000, 18200, 3),
('SP043RU', 'Citroen', 'C4', 'Rojo', 30000, 18800, 4),
('SP044SV', 'Skoda', 'Octavia', 'Verde', 35000, 19400, 5),
('SP045TW', 'Toyota', 'Corolla', 'Azul', 40000, 20000, 6),
('SP046UX', 'Seat', 'Leon', 'Plata', 45000, 20600, 7),
('SP047VY', 'Renault', 'Megane', 'Negro', 50000, 21200, 8),
('SP048WB', 'Hyundai', 'i30', 'Gris', 55000, 21800, 9),
('SP049XC', 'Kia', 'Ceed', 'Blanco', 60000, 22400, 10),
('SP050YD', 'Volkswagen', 'Golf', 'Rojo', 65000, 8000, 1),
('SP051ZE', 'BMW', 'Series 1', 'Verde', 70000, 8600, 2),
('SP052AF', 'Audi', 'A3', 'Azul', 75000, 9200, 3),
('SP053BG', 'Ford', 'Focus', 'Plata', 80000, 9800, 4),
('SP054CH', 'Peugeot', '308', 'Negro', 85000, 10400, 5),
('SP055DI', 'Mazda', '3', 'Gris', 90000, 11000, 6),
('SP056EJ', 'Honda', 'Civic', 'Blanco', 95000, 11600, 7),
('SP057FK', 'Nissan', 'Qashqai', 'Rojo', 100000, 12200, 8),
('SP058GL', 'Citroen', 'C4', 'Verde', 105000, 12800, 9),
('SP059HM', 'Skoda', 'Octavia', 'Azul', 110000, 13400, 10),
('SP060IN', 'Toyota', 'Corolla', 'Plata', 15000, 14000, 1),
('SP061JO', 'Seat', 'Leon', 'Negro', 20000, 14600, 2),
('SP062KP', 'Renault', 'Megane', 'Gris', 25000, 15200, 3),
('SP063LQ', 'Hyundai', 'i30', 'Blanco', 30000, 15800, 4),
('SP064MR', 'Kia', 'Ceed', 'Rojo', 35000, 16400, 5),
('SP065NS', 'Volkswagen', 'Golf', 'Verde', 40000, 17000, 6),
('SP066OT', 'BMW', 'Series 1', 'Azul', 45000, 17600, 7),
('SP067PU', 'Audi', 'A3', 'Plata', 50000, 18200, 8),
('SP068QV', 'Ford', 'Focus', 'Negro', 55000, 18800, 9),
('SP069RW', 'Peugeot', '308', 'Gris', 60000, 19400, 10),
('SP070SX', 'Mazda', '3', 'Blanco', 65000, 20000, 1),
('SP071TY', 'Honda', 'Civic', 'Rojo', 70000, 20600, 2),
('SP072UB', 'Nissan', 'Qashqai', 'Verde', 75000, 21200, 3),
('SP073VC', 'Citroen', 'C4', 'Azul', 80000, 21800, 4),
('SP074WD', 'Skoda', 'Octavia', 'Plata', 85000, 22400, 5),
('SP075XE', 'Toyota', 'Corolla', 'Negro', 90000, 8000, 6),
('SP076YF', 'Seat', 'Leon', 'Gris', 95000, 8600, 7),
('SP077ZG', 'Renault', 'Megane', 'Blanco', 100000, 9200, 8),
('SP078AH', 'Hyundai', 'i30', 'Rojo', 105000, 9800, 9),
('SP079BI', 'Kia', 'Ceed', 'Verde', 110000, 10400, 10),
('SP080CJ', 'Volkswagen', 'Golf', 'Azul', 15000, 11000, 1),
('SP081DK', 'BMW', 'Series 1', 'Plata', 20000, 11600, 2),
('SP082EL', 'Audi', 'A3', 'Negro', 25000, 12200, 3),
('SP083FM', 'Ford', 'Focus', 'Gris', 30000, 12800, 4),
('SP084GN', 'Peugeot', '308', 'Blanco', 35000, 13400, 5),
('SP085HO', 'Mazda', '3', 'Rojo', 40000, 14000, 6),
('SP086IP', 'Honda', 'Civic', 'Verde', 45000, 14600, 7),
('SP087JQ', 'Nissan', 'Qashqai', 'Azul', 50000, 15200, 8),
('SP088KR', 'Citroen', 'C4', 'Plata', 55000, 15800, 9),
('SP089LS', 'Skoda', 'Octavia', 'Negro', 60000, 16400, 10),
('SP090MT', 'Toyota', 'Corolla', 'Gris', 65000, 17000, 1),
('SP091NU', 'Seat', 'Leon', 'Blanco', 70000, 17600, 2),
('SP092OV', 'Renault', 'Megane', 'Rojo', 75000, 18200, 3),
('SP093PW', 'Hyundai', 'i30', 'Verde', 80000, 18800, 4),
('SP094QX', 'Kia', 'Ceed', 'Azul', 85000, 19400, 5),
('SP095RY', 'Volkswagen', 'Golf', 'Plata', 90000, 20000, 6),
('SP096SB', 'BMW', 'Series 1', 'Negro', 95000, 20600, 7),
('SP097TC', 'Audi', 'A3', 'Gris', 100000, 21200, 8),
('SP098UD', 'Ford', 'Focus', 'Blanco', 105000, 21800, 9),
('SP099VE', 'Peugeot', '308', 'Rojo', 110000, 22400, 10),
('SP100WF', 'Mazda', '3', 'Verde', 15000, 8000, 1),
('SP101XG', 'Honda', 'Civic', 'Azul', 20000, 8600, 2),
('SP102YH', 'Nissan', 'Qashqai', 'Plata', 25000, 9200, 3),
('SP103ZI', 'Citroen', 'C4', 'Negro', 30000, 9800, 4),
('SP104AJ', 'Skoda', 'Octavia', 'Gris', 35000, 10400, 5),
('SP105BK', 'Toyota', 'Corolla', 'Blanco', 40000, 11000, 6),
('SP106CL', 'Seat', 'Leon', 'Rojo', 45000, 11600, 7),
('SP107DM', 'Renault', 'Megane', 'Verde', 50000, 12200, 8),
('SP108EN', 'Hyundai', 'i30', 'Azul', 55000, 12800, 9),
('SP109FO', 'Kia', 'Ceed', 'Plata', 60000, 13400, 10),
('SP110GP', 'Volkswagen', 'Golf', 'Negro', 65000, 14000, 1),
('SP111HQ', 'BMW', 'Series 1', 'Gris', 70000, 14600, 2),
('SP112IR', 'Audi', 'A3', 'Blanco', 75000, 15200, 3),
('SP113JS', 'Ford', 'Focus', 'Rojo', 80000, 15800, 4),
('SP114KT', 'Peugeot', '308', 'Verde', 85000, 16400, 5),
('SP115LU', 'Mazda', '3', 'Azul', 90000, 17000, 6),
('SP116MV', 'Honda', 'Civic', 'Plata', 95000, 17600, 7),
('SP117NW', 'Nissan', 'Qashqai', 'Negro', 100000, 18200, 8),
('SP118OX', 'Citroen', 'C4', 'Gris', 105000, 18800, 9),
('SP119PY', 'Skoda', 'Octavia', 'Blanco', 110000, 19400, 10);

-- ============================================================================
-- Datos ampliados para Segunda Mano
INSERT INTO concesionario VALUES
(11, 'UrbanDrive', 'Pamplona', 'Laura Peral'),
(12, 'EcoMotion', 'Santander', 'Gonzalo Mena'),
(13, 'Volta Motors', 'Tarragona', 'Hugo Vidal'),
(14, 'CostaCar', 'Cadiz', 'Lucia Rios'),
(15, 'Montesur', 'Granada', 'Mateo Serrano'),
(16, 'LevanteAuto', 'Castellon', 'Ines Fabra'),
(17, 'RutaNorte', 'Oviedo', 'Carmen Lobo'),
(18, 'IslaCars', 'Palma', 'Pere Nadal');
INSERT INTO vendedor VALUES
('90000000A', 'Alma Arce', '+34700000000', 15, 11),
('90000001B', 'Bernat Casas', '+34700000001', 17, 12),
('90000002C', 'Carlota Esteve', '+34700000002', 19, 13),
('90000003D', 'Dario Grau', '+34700000003', 21, 14),
('90000004E', 'Emma Ibanez', '+34700000004', 23, 15),
('90000005F', 'Flavio Kil', '+34700000005', 25, 16),
('90000006G', 'Gisela Miret', '+34700000006', 27, 17),
('90000007H', 'Hugo Oltra', '+34700000007', 29, 18),
('90000008I', 'Ivet Queral', '+34700000008', 31, 11),
('90000009J', 'Joel Soler', '+34700000009', 33, 12),
('90000010K', 'Katia Ubeda', '+34700000010', 15, 13),
('90000011L', 'Leo Wurtz', '+34700000011', 17, 14),
('90000012M', 'Marta Yuste', '+34700000012', 19, 15),
('90000013N', 'Nil Arce', '+34700000013', 21, 16),
('90000014O', 'Olga Casas', '+34700000014', 23, 17),
('90000015P', 'Pere Esteve', '+34700000015', 25, 18),
('90000016Q', 'Quim Grau', '+34700000016', 27, 11),
('90000017R', 'Rita Ibanez', '+34700000017', 29, 12),
('90000018S', 'Sergi Kil', '+34700000018', 31, 13),
('90000019T', 'Tina Miret', '+34700000019', 33, 14),
('90000020U', 'Uri Oltra', '+34700000020', 15, 15),
('90000021V', 'Vera Queral', '+34700000021', 17, 16),
('90000022W', 'Will Soler', '+34700000022', 19, 17),
('90000023A', 'Xana Ubeda', '+34700000023', 21, 18),
('90000024B', 'Yago Wurtz', '+34700000024', 23, 11),
('90000025C', 'Zoe Yuste', '+34700000025', 25, 12),
('90000026D', 'Alma Arce', '+34700000026', 27, 13),
('90000027E', 'Bernat Casas', '+34700000027', 29, 14),
('90000028F', 'Carlota Esteve', '+34700000028', 31, 15),
('90000029G', 'Dario Grau', '+34700000029', 33, 16),
('90000030H', 'Emma Ibanez', '+34700000030', 15, 17),
('90000031I', 'Flavio Kil', '+34700000031', 17, 18),
('90000032J', 'Gisela Miret', '+34700000032', 19, 11),
('90000033K', 'Hugo Oltra', '+34700000033', 21, 12),
('90000034L', 'Ivet Queral', '+34700000034', 23, 13),
('90000035M', 'Joel Soler', '+34700000035', 25, 14),
('90000036N', 'Katia Ubeda', '+34700000036', 27, 15),
('90000037O', 'Leo Wurtz', '+34700000037', 29, 16),
('90000038P', 'Marta Yuste', '+34700000038', 31, 17),
('90000039Q', 'Nil Arce', '+34700000039', 33, 18),
('90000040R', 'Olga Casas', '+34700000040', 15, 11),
('90000041S', 'Pere Esteve', '+34700000041', 17, 12),
('90000042T', 'Quim Grau', '+34700000042', 19, 13),
('90000043U', 'Rita Ibanez', '+34700000043', 21, 14),
('90000044V', 'Sergi Kil', '+34700000044', 23, 15),
('90000045W', 'Tina Miret', '+34700000045', 25, 16),
('90000046A', 'Uri Oltra', '+34700000046', 27, 17),
('90000047B', 'Vera Queral', '+34700000047', 29, 18);
INSERT INTO coche VALUES
('XR000AB', 'Peugeot', '2008', 'Blanco', 10000, 9000, 11),
('XR001BE', 'Seat', 'Arona', 'Azul', 14000, 9700, 12),
('XR002CH', 'Renault', 'Captur', 'Blanco', 18000, 10400, 13),
('XR003DK', 'Ford', 'Kuga', 'Azul', 22000, 11100, 14),
('XR004EN', 'Kia', 'Sportage', 'Blanco', 26000, 11800, 15),
('XR005FQ', 'Toyota', 'Yaris Cross', 'Azul', 30000, 12500, 16),
('XR006GT', 'Hyundai', 'Kona', 'Blanco', 34000, 13200, 17),
('XR007HW', 'Mazda', 'CX-30', 'Azul', 38000, 13900, 18),
('XR008IZ', 'Peugeot', '2008', 'Blanco', 42000, 14600, 11),
('XR009JC', 'Seat', 'Arona', 'Azul', 46000, 15300, 12),
('XR010KF', 'Renault', 'Captur', 'Blanco', 50000, 16000, 13),
('XR011LI', 'Ford', 'Kuga', 'Azul', 54000, 16700, 14),
('XR012ML', 'Kia', 'Sportage', 'Blanco', 58000, 17400, 15),
('XR013NO', 'Toyota', 'Yaris Cross', 'Azul', 62000, 18100, 16),
('XR014OR', 'Hyundai', 'Kona', 'Blanco', 66000, 18800, 17),
('XR015PU', 'Mazda', 'CX-30', 'Azul', 70000, 19500, 18),
('XR016QX', 'Peugeot', '2008', 'Blanco', 74000, 20200, 11),
('XR017R[', 'Seat', 'Arona', 'Azul', 78000, 20900, 12),
('XR018SD', 'Renault', 'Captur', 'Blanco', 82000, 21600, 13),
('XR019TG', 'Ford', 'Kuga', 'Azul', 86000, 22300, 14),
('XR020UJ', 'Kia', 'Sportage', 'Blanco', 90000, 9000, 15),
('XR021VM', 'Toyota', 'Yaris Cross', 'Azul', 94000, 9700, 16),
('XR022WP', 'Hyundai', 'Kona', 'Blanco', 98000, 10400, 17),
('XR023XS', 'Mazda', 'CX-30', 'Azul', 102000, 11100, 18),
('XR024YV', 'Peugeot', '2008', 'Blanco', 106000, 11800, 11),
('XR025ZY', 'Seat', 'Arona', 'Azul', 110000, 12500, 12),
('XR026AB', 'Renault', 'Captur', 'Blanco', 114000, 13200, 13),
('XR027BE', 'Ford', 'Kuga', 'Azul', 118000, 13900, 14),
('XR028CH', 'Kia', 'Sportage', 'Blanco', 122000, 14600, 15),
('XR029DK', 'Toyota', 'Yaris Cross', 'Azul', 126000, 15300, 16),
('XR030EN', 'Hyundai', 'Kona', 'Blanco', 10000, 16000, 17),
('XR031FQ', 'Mazda', 'CX-30', 'Azul', 14000, 16700, 18),
('XR032GT', 'Peugeot', '2008', 'Blanco', 18000, 17400, 11),
('XR033HW', 'Seat', 'Arona', 'Azul', 22000, 18100, 12),
('XR034IZ', 'Renault', 'Captur', 'Blanco', 26000, 18800, 13),
('XR035JC', 'Ford', 'Kuga', 'Azul', 30000, 19500, 14),
('XR036KF', 'Kia', 'Sportage', 'Blanco', 34000, 20200, 15),
('XR037LI', 'Toyota', 'Yaris Cross', 'Azul', 38000, 20900, 16),
('XR038ML', 'Hyundai', 'Kona', 'Blanco', 42000, 21600, 17),
('XR039NO', 'Mazda', 'CX-30', 'Azul', 46000, 22300, 18),
('XR040OR', 'Peugeot', '2008', 'Blanco', 50000, 9000, 11),
('XR041PU', 'Seat', 'Arona', 'Azul', 54000, 9700, 12),
('XR042QX', 'Renault', 'Captur', 'Blanco', 58000, 10400, 13),
('XR043R[', 'Ford', 'Kuga', 'Azul', 62000, 11100, 14),
('XR044SD', 'Kia', 'Sportage', 'Blanco', 66000, 11800, 15),
('XR045TG', 'Toyota', 'Yaris Cross', 'Azul', 70000, 12500, 16),
('XR046UJ', 'Hyundai', 'Kona', 'Blanco', 74000, 13200, 17),
('XR047VM', 'Mazda', 'CX-30', 'Azul', 78000, 13900, 18),
('XR048WP', 'Peugeot', '2008', 'Blanco', 82000, 14600, 11),
('XR049XS', 'Seat', 'Arona', 'Azul', 86000, 15300, 12),
('XR050YV', 'Renault', 'Captur', 'Blanco', 90000, 16000, 13),
('XR051ZY', 'Ford', 'Kuga', 'Azul', 94000, 16700, 14),
('XR052AB', 'Kia', 'Sportage', 'Blanco', 98000, 17400, 15),
('XR053BE', 'Toyota', 'Yaris Cross', 'Azul', 102000, 18100, 16),
('XR054CH', 'Hyundai', 'Kona', 'Blanco', 106000, 18800, 17),
('XR055DK', 'Mazda', 'CX-30', 'Azul', 110000, 19500, 18),
('XR056EN', 'Peugeot', '2008', 'Blanco', 114000, 20200, 11),
('XR057FQ', 'Seat', 'Arona', 'Azul', 118000, 20900, 12),
('XR058GT', 'Renault', 'Captur', 'Blanco', 122000, 21600, 13),
('XR059HW', 'Ford', 'Kuga', 'Azul', 126000, 22300, 14),
('XR060IZ', 'Kia', 'Sportage', 'Blanco', 10000, 9000, 15),
('XR061JC', 'Toyota', 'Yaris Cross', 'Azul', 14000, 9700, 16),
('XR062KF', 'Hyundai', 'Kona', 'Blanco', 18000, 10400, 17),
('XR063LI', 'Mazda', 'CX-30', 'Azul', 22000, 11100, 18),
('XR064ML', 'Peugeot', '2008', 'Blanco', 26000, 11800, 11),
('XR065NO', 'Seat', 'Arona', 'Azul', 30000, 12500, 12),
('XR066OR', 'Renault', 'Captur', 'Blanco', 34000, 13200, 13),
('XR067PU', 'Ford', 'Kuga', 'Azul', 38000, 13900, 14),
('XR068QX', 'Kia', 'Sportage', 'Blanco', 42000, 14600, 15),
('XR069R[', 'Toyota', 'Yaris Cross', 'Azul', 46000, 15300, 16),
('XR070SD', 'Hyundai', 'Kona', 'Blanco', 50000, 16000, 17),
('XR071TG', 'Mazda', 'CX-30', 'Azul', 54000, 16700, 18),
('XR072UJ', 'Peugeot', '2008', 'Blanco', 58000, 17400, 11),
('XR073VM', 'Seat', 'Arona', 'Azul', 62000, 18100, 12),
('XR074WP', 'Renault', 'Captur', 'Blanco', 66000, 18800, 13),
('XR075XS', 'Ford', 'Kuga', 'Azul', 70000, 19500, 14),
('XR076YV', 'Kia', 'Sportage', 'Blanco', 74000, 20200, 15),
('XR077ZY', 'Toyota', 'Yaris Cross', 'Azul', 78000, 20900, 16),
('XR078AB', 'Hyundai', 'Kona', 'Blanco', 82000, 21600, 17),
('XR079BE', 'Mazda', 'CX-30', 'Azul', 86000, 22300, 18),
('XR080CH', 'Peugeot', '2008', 'Blanco', 90000, 9000, 11),
('XR081DK', 'Seat', 'Arona', 'Azul', 94000, 9700, 12),
('XR082EN', 'Renault', 'Captur', 'Blanco', 98000, 10400, 13),
('XR083FQ', 'Ford', 'Kuga', 'Azul', 102000, 11100, 14),
('XR084GT', 'Kia', 'Sportage', 'Blanco', 106000, 11800, 15),
('XR085HW', 'Toyota', 'Yaris Cross', 'Azul', 110000, 12500, 16),
('XR086IZ', 'Hyundai', 'Kona', 'Blanco', 114000, 13200, 17),
('XR087JC', 'Mazda', 'CX-30', 'Azul', 118000, 13900, 18),
('XR088KF', 'Peugeot', '2008', 'Blanco', 122000, 14600, 11),
('XR089LI', 'Seat', 'Arona', 'Azul', 126000, 15300, 12),
('XR090ML', 'Renault', 'Captur', 'Blanco', 10000, 16000, 13),
('XR091NO', 'Ford', 'Kuga', 'Azul', 14000, 16700, 14),
('XR092OR', 'Kia', 'Sportage', 'Blanco', 18000, 17400, 15),
('XR093PU', 'Toyota', 'Yaris Cross', 'Azul', 22000, 18100, 16),
('XR094QX', 'Hyundai', 'Kona', 'Blanco', 26000, 18800, 17),
('XR095R[', 'Mazda', 'CX-30', 'Azul', 30000, 19500, 18);

-- BASE DE DATOS: MUSICA
-- ============================================================================
DROP DATABASE IF EXISTS musica_db;
CREATE DATABASE musica_db;
USE musica_db;

CREATE TABLE companyia (
    cod CHAR(4) PRIMARY KEY,
    nombre VARCHAR(80) NOT NULL,
    dir VARCHAR(120) NOT NULL,
    fax VARCHAR(20),
    tfno VARCHAR(20) NOT NULL
);

CREATE TABLE grupo (
    cod CHAR(4) PRIMARY KEY,
    nombre VARCHAR(80) NOT NULL,
    fecha DATE NOT NULL,
    pais VARCHAR(40) NOT NULL
);

CREATE TABLE disco (
    cod CHAR(5) PRIMARY KEY,
    nombre VARCHAR(120) NOT NULL,
    fecha DATE NOT NULL,
    cod_comp CHAR(4) NOT NULL,
    cod_gru CHAR(4) NOT NULL,
    FOREIGN KEY (cod_comp) REFERENCES companyia(cod),
    FOREIGN KEY (cod_gru) REFERENCES grupo(cod)
);

CREATE TABLE artista (
    dni CHAR(9) PRIMARY KEY,
    nombre VARCHAR(80) NOT NULL
);

CREATE TABLE club (
    cod CHAR(4) PRIMARY KEY,
    nombre VARCHAR(80) NOT NULL,
    sede VARCHAR(80) NOT NULL,
    num INT NOT NULL,
    cod_gru CHAR(4) NOT NULL,
    FOREIGN KEY (cod_gru) REFERENCES grupo(cod)
);

CREATE TABLE cancion (
    cod CHAR(5) PRIMARY KEY,
    titulo VARCHAR(120) NOT NULL,
    duracion INT NOT NULL
);

CREATE TABLE esta (
    cod CHAR(5) NOT NULL,
    can CHAR(5) NOT NULL,
    PRIMARY KEY (cod, can),
    FOREIGN KEY (cod) REFERENCES disco(cod),
    FOREIGN KEY (can) REFERENCES cancion(cod)
);

CREATE TABLE pertenece (
    dni CHAR(9) NOT NULL,
    cod CHAR(4) NOT NULL,
    funcion VARCHAR(40) NOT NULL,
    PRIMARY KEY (dni, cod),
    FOREIGN KEY (dni) REFERENCES artista(dni),
    FOREIGN KEY (cod) REFERENCES grupo(cod)
);

INSERT INTO companyia (cod, nombre, dir, fax, tfno) VALUES
('CMP1', 'North Records', '12 Baker St', '+44112233', '+44110022'),
('CMP2', 'Solar Music', '45 Sunset Ave', '+33445566', '+33007788'),
('CMP3', 'Atlas Sounds', '78 River Rd', '+12129988', '+12125544'),
('CMP4', 'Indigo Wave', '23 Cherry Ln', '+49881122', '+49887766'),
('CMP5', 'Echo Point', '95 Elm St', '+39066554', '+39061133'),
('CMP6', 'Nova Beats', '10 Aurora Pl', '+61234567', '+61230012'),
('CMP7', 'Parallel Tune', '88 Finch St', '+81445566', '+81449922'),
('CMP8', 'Studio Orbit', '51 Grove St', '+34111222', '+34999888');

INSERT INTO grupo (cod, nombre, fecha, pais) VALUES
('GR01', 'Lunar Echo', '2012-05-01', 'Spain'),
('GR02', 'Crystal North', '2010-03-14', 'UK'),
('GR03', 'Velvet Roads', '2015-07-22', 'USA'),
('GR04', 'Neon Steps', '2018-09-10', 'Canada'),
('GR05', 'Golden Dunes', '2011-11-03', 'Mexico'),
('GR06', 'Binary Coast', '2016-02-18', 'Germany'),
('GR07', 'Indigo Youth', '2013-12-09', 'France'),
('GR08', 'Topaz Drive', '2014-04-21', 'Australia'),
('GR09', 'Parallel Sky', '2009-10-30', 'USA'),
('GR10', 'Echo Parade', '2017-06-16', 'Spain'),
('GR11', 'Silver Pulse', '2012-08-05', 'Italy'),
('GR12', 'Urban Ties', '2019-02-12', 'Brazil'),
('GR13', 'Northern Bloom', '2013-04-18', 'Norway'),
('GR14', 'Solar Drift', '2016-01-11', 'Argentina'),
('GR15', 'Royal Haze', '2010-09-23', 'Portugal');

INSERT INTO disco (cod, nombre, fecha, cod_comp, cod_gru) VALUES
('D001', 'Lunar Echo Vol.1', '2010-02-01', 'CMP1', 'GR01'),
('D002', 'Lunar Echo Vol.2', '2010-03-01', 'CMP2', 'GR01'),
('D003', 'Crystal North Vol.1', '2011-02-01', 'CMP2', 'GR02'),
('D004', 'Crystal North Vol.2', '2011-03-01', 'CMP3', 'GR02'),
('D005', 'Velvet Roads Vol.1', '2012-02-01', 'CMP3', 'GR03'),
('D006', 'Velvet Roads Vol.2', '2012-03-01', 'CMP4', 'GR03'),
('D007', 'Neon Steps Vol.1', '2013-02-01', 'CMP4', 'GR04'),
('D008', 'Neon Steps Vol.2', '2013-03-01', 'CMP5', 'GR04'),
('D009', 'Golden Dunes Vol.1', '2014-02-01', 'CMP5', 'GR05'),
('D010', 'Golden Dunes Vol.2', '2014-03-01', 'CMP6', 'GR05'),
('D011', 'Binary Coast Vol.1', '2015-02-01', 'CMP6', 'GR06'),
('D012', 'Binary Coast Vol.2', '2015-03-01', 'CMP7', 'GR06'),
('D013', 'Indigo Youth Vol.1', '2016-02-01', 'CMP7', 'GR07'),
('D014', 'Indigo Youth Vol.2', '2016-03-01', 'CMP8', 'GR07'),
('D015', 'Topaz Drive Vol.1', '2017-02-01', 'CMP8', 'GR08'),
('D016', 'Topaz Drive Vol.2', '2017-03-01', 'CMP1', 'GR08'),
('D017', 'Parallel Sky Vol.1', '2018-02-01', 'CMP1', 'GR09'),
('D018', 'Parallel Sky Vol.2', '2018-03-01', 'CMP2', 'GR09'),
('D019', 'Echo Parade Vol.1', '2019-02-01', 'CMP2', 'GR10'),
('D020', 'Echo Parade Vol.2', '2019-03-01', 'CMP3', 'GR10'),
('D021', 'Silver Pulse Vol.1', '2010-02-01', 'CMP3', 'GR11'),
('D022', 'Silver Pulse Vol.2', '2010-03-01', 'CMP4', 'GR11'),
('D023', 'Urban Ties Vol.1', '2011-02-01', 'CMP4', 'GR12'),
('D024', 'Urban Ties Vol.2', '2011-03-01', 'CMP5', 'GR12'),
('D025', 'Northern Bloom Vol.1', '2012-02-01', 'CMP5', 'GR13'),
('D026', 'Northern Bloom Vol.2', '2012-03-01', 'CMP6', 'GR13'),
('D027', 'Solar Drift Vol.1', '2013-02-01', 'CMP6', 'GR14'),
('D028', 'Solar Drift Vol.2', '2013-03-01', 'CMP7', 'GR14'),
('D029', 'Royal Haze Vol.1', '2014-02-01', 'CMP7', 'GR15'),
('D030', 'Royal Haze Vol.2', '2014-03-01', 'CMP8', 'GR15');

INSERT INTO artista (dni, nombre) VALUES
('AR0000001', 'Aiden Fox'),
('AR0000002', 'Bella Cruz'),
('AR0000003', 'Cora Miles'),
('AR0000004', 'Diego Hart'),
('AR0000005', 'Elena Voss'),
('AR0000006', 'Felix Ames'),
('AR0000007', 'Gia Stone'),
('AR0000008', 'Hugo Dane'),
('AR0000009', 'Ivy Lane'),
('AR0000010', 'Jules Avery'),
('AR0000011', 'Kian Frost'),
('AR0000012', 'Lara Nash'),
('AR0000013', 'Mila Cross'),
('AR0000014', 'Noah Rhys'),
('AR0000015', 'Owen Vale'),
('AR0000016', 'Pia Bloom'),
('AR0000017', 'Quin Hart'),
('AR0000018', 'Rhea Cole'),
('AR0000019', 'Seth Milo'),
('AR0000020', 'Tara Wynn'),
('AR0000021', 'Uma Hale'),
('AR0000022', 'Vera King'),
('AR0000023', 'Wade Knox'),
('AR0000024', 'Xena Reid'),
('AR0000025', 'Yara Cove'),
('AR0000026', 'Zoe Pike'),
('AR0000027', 'Alma Scott'),
('AR0000028', 'Beck Roy'),
('AR0000029', 'Clio Redd'),
('AR0000030', 'Dax Cole'),
('AR0000031', 'Eden Frost'),
('AR0000032', 'Faye Lux'),
('AR0000033', 'Gale Rush'),
('AR0000034', 'Hale Iris'),
('AR0000035', 'Indy Shore'),
('AR0000036', 'Jess Volt'),
('AR0000037', 'Kora Sage'),
('AR0000038', 'Liam Pyne'),
('AR0000039', 'Mara Kitt'),
('AR0000040', 'Nate Ives'),
('AR0000041', 'Olia Stark'),
('AR0000042', 'Polo Rees'),
('AR0000043', 'Quest Lake'),
('AR0000044', 'Rin Otto'),
('AR0000045', 'Sol Page'),
('AR0000046', 'Tess Vail'),
('AR0000047', 'Ugo Snow'),
('AR0000048', 'Vik Reed'),
('AR0000049', 'Wren Otto'),
('AR0000050', 'Yuri Dane');

INSERT INTO club (cod, nombre, sede, num, cod_gru) VALUES
('CL01', 'Club Lunar Echo', 'Madrid', 200, 'GR01'),
('CL02', 'Club Crystal North', 'Barcelona', 225, 'GR02'),
('CL03', 'Club Velvet Roads', 'Lisboa', 250, 'GR03'),
('CL04', 'Club Neon Steps', 'Paris', 275, 'GR04'),
('CL05', 'Club Golden Dunes', 'Berlin', 300, 'GR05'),
('CL06', 'Club Binary Coast', 'Milan', 325, 'GR06'),
('CL07', 'Club Indigo Youth', 'London', 350, 'GR07'),
('CL08', 'Club Topaz Drive', 'Bogota', 375, 'GR08'),
('CL09', 'Club Parallel Sky', 'Lima', 400, 'GR09'),
('CL10', 'Club Echo Parade', 'Dublin', 425, 'GR10');

INSERT INTO cancion (cod, titulo, duracion) VALUES
('C0001', 'Track 01', 150),
('C0002', 'Track 02', 180),
('C0003', 'Track 03', 210),
('C0004', 'Track 04', 240),
('C0005', 'Track 05', 270),
('C0006', 'Track 06', 300),
('C0007', 'Track 07', 150),
('C0008', 'Track 08', 180),
('C0009', 'Track 09', 210),
('C0010', 'Track 10', 240),
('C0011', 'Track 11', 270),
('C0012', 'Track 12', 300),
('C0013', 'Track 13', 150),
('C0014', 'Track 14', 180),
('C0015', 'Track 15', 210),
('C0016', 'Track 16', 240),
('C0017', 'Track 17', 270),
('C0018', 'Track 18', 300),
('C0019', 'Track 19', 150),
('C0020', 'Track 20', 180),
('C0021', 'Track 21', 210),
('C0022', 'Track 22', 240),
('C0023', 'Track 23', 270),
('C0024', 'Track 24', 300),
('C0025', 'Track 25', 150),
('C0026', 'Track 26', 180),
('C0027', 'Track 27', 210),
('C0028', 'Track 28', 240),
('C0029', 'Track 29', 270),
('C0030', 'Track 30', 300),
('C0031', 'Track 31', 150),
('C0032', 'Track 32', 180),
('C0033', 'Track 33', 210),
('C0034', 'Track 34', 240),
('C0035', 'Track 35', 270),
('C0036', 'Track 36', 300),
('C0037', 'Track 37', 150),
('C0038', 'Track 38', 180),
('C0039', 'Track 39', 210),
('C0040', 'Track 40', 240),
('C0041', 'Track 41', 270),
('C0042', 'Track 42', 300),
('C0043', 'Track 43', 150),
('C0044', 'Track 44', 180),
('C0045', 'Track 45', 210),
('C0046', 'Track 46', 240),
('C0047', 'Track 47', 270),
('C0048', 'Track 48', 300),
('C0049', 'Track 49', 150),
('C0050', 'Track 50', 180),
('C0051', 'Track 51', 210),
('C0052', 'Track 52', 240),
('C0053', 'Track 53', 270),
('C0054', 'Track 54', 300),
('C0055', 'Track 55', 150),
('C0056', 'Track 56', 180),
('C0057', 'Track 57', 210),
('C0058', 'Track 58', 240),
('C0059', 'Track 59', 270),
('C0060', 'Track 60', 300),
('C0061', 'Track 61', 150),
('C0062', 'Track 62', 180),
('C0063', 'Track 63', 210),
('C0064', 'Track 64', 240),
('C0065', 'Track 65', 270),
('C0066', 'Track 66', 300),
('C0067', 'Track 67', 150),
('C0068', 'Track 68', 180),
('C0069', 'Track 69', 210),
('C0070', 'Track 70', 240),
('C0071', 'Track 71', 270),
('C0072', 'Track 72', 300),
('C0073', 'Track 73', 150),
('C0074', 'Track 74', 180),
('C0075', 'Track 75', 210),
('C0076', 'Track 76', 240),
('C0077', 'Track 77', 270),
('C0078', 'Track 78', 300),
('C0079', 'Track 79', 150),
('C0080', 'Track 80', 180);

INSERT INTO esta (cod, can) VALUES
('D001', 'C0001'),
('D001', 'C0002'),
('D001', 'C0003'),
('D002', 'C0004'),
('D002', 'C0005'),
('D002', 'C0006'),
('D003', 'C0007'),
('D003', 'C0008'),
('D003', 'C0009'),
('D004', 'C0010'),
('D004', 'C0011'),
('D004', 'C0012'),
('D005', 'C0013'),
('D005', 'C0014'),
('D005', 'C0015'),
('D006', 'C0016'),
('D006', 'C0017'),
('D006', 'C0018'),
('D007', 'C0019'),
('D007', 'C0020'),
('D007', 'C0021'),
('D008', 'C0022'),
('D008', 'C0023'),
('D008', 'C0024'),
('D009', 'C0025'),
('D009', 'C0026'),
('D009', 'C0027'),
('D010', 'C0028'),
('D010', 'C0029'),
('D010', 'C0030'),
('D011', 'C0031'),
('D011', 'C0032'),
('D011', 'C0033'),
('D012', 'C0034'),
('D012', 'C0035'),
('D012', 'C0036'),
('D013', 'C0037'),
('D013', 'C0038'),
('D013', 'C0039'),
('D014', 'C0040'),
('D014', 'C0041'),
('D014', 'C0042'),
('D015', 'C0043'),
('D015', 'C0044'),
('D015', 'C0045'),
('D016', 'C0046'),
('D016', 'C0047'),
('D016', 'C0048'),
('D017', 'C0049'),
('D017', 'C0050'),
('D017', 'C0051'),
('D018', 'C0052'),
('D018', 'C0053'),
('D018', 'C0054'),
('D019', 'C0055'),
('D019', 'C0056'),
('D019', 'C0057'),
('D020', 'C0058'),
('D020', 'C0059'),
('D020', 'C0060'),
('D021', 'C0061'),
('D021', 'C0062'),
('D021', 'C0063'),
('D022', 'C0064'),
('D022', 'C0065'),
('D022', 'C0066'),
('D023', 'C0067'),
('D023', 'C0068'),
('D023', 'C0069'),
('D024', 'C0070'),
('D024', 'C0071'),
('D024', 'C0072'),
('D025', 'C0073'),
('D025', 'C0074'),
('D025', 'C0075'),
('D026', 'C0076'),
('D026', 'C0077'),
('D026', 'C0078'),
('D027', 'C0079'),
('D027', 'C0080'),
('D027', 'C0001'),
('D028', 'C0002'),
('D028', 'C0003'),
('D028', 'C0004'),
('D029', 'C0005'),
('D029', 'C0006'),
('D029', 'C0007'),
('D030', 'C0008'),
('D030', 'C0009'),
('D030', 'C0010');

INSERT INTO pertenece (dni, cod, funcion) VALUES
('AR0000001', 'GR01', 'Voz'),
('AR0000002', 'GR01', 'Guitarra'),
('AR0000003', 'GR01', 'Bajo'),
('AR0000004', 'GR01', 'Bateria'),
('AR0000005', 'GR02', 'Voz'),
('AR0000006', 'GR02', 'Guitarra'),
('AR0000007', 'GR02', 'Bajo'),
('AR0000008', 'GR02', 'Bateria'),
('AR0000009', 'GR03', 'Voz'),
('AR0000010', 'GR03', 'Guitarra'),
('AR0000011', 'GR03', 'Bajo'),
('AR0000012', 'GR03', 'Bateria'),
('AR0000013', 'GR04', 'Voz'),
('AR0000014', 'GR04', 'Guitarra'),
('AR0000015', 'GR04', 'Bajo'),
('AR0000016', 'GR04', 'Bateria'),
('AR0000017', 'GR05', 'Voz'),
('AR0000018', 'GR05', 'Guitarra'),
('AR0000019', 'GR05', 'Bajo'),
('AR0000020', 'GR05', 'Bateria'),
('AR0000021', 'GR06', 'Voz'),
('AR0000022', 'GR06', 'Guitarra'),
('AR0000023', 'GR06', 'Bajo'),
('AR0000024', 'GR06', 'Bateria'),
('AR0000025', 'GR07', 'Voz'),
('AR0000026', 'GR07', 'Guitarra'),
('AR0000027', 'GR07', 'Bajo'),
('AR0000028', 'GR07', 'Bateria'),
('AR0000029', 'GR08', 'Voz'),
('AR0000030', 'GR08', 'Guitarra'),
('AR0000031', 'GR08', 'Bajo'),
('AR0000032', 'GR08', 'Bateria'),
('AR0000033', 'GR09', 'Voz'),
('AR0000034', 'GR09', 'Guitarra'),
('AR0000035', 'GR09', 'Bajo'),
('AR0000036', 'GR09', 'Bateria'),
('AR0000037', 'GR10', 'Voz'),
('AR0000038', 'GR10', 'Guitarra'),
('AR0000039', 'GR10', 'Bajo'),
('AR0000040', 'GR10', 'Bateria'),
('AR0000041', 'GR11', 'Voz'),
('AR0000042', 'GR11', 'Guitarra'),
('AR0000043', 'GR11', 'Bajo'),
('AR0000044', 'GR11', 'Bateria'),
('AR0000045', 'GR12', 'Voz'),
('AR0000046', 'GR12', 'Guitarra'),
('AR0000047', 'GR12', 'Bajo'),
('AR0000048', 'GR12', 'Bateria'),
('AR0000049', 'GR13', 'Voz'),
('AR0000050', 'GR13', 'Guitarra'),
('AR0000001', 'GR13', 'Bajo'),
('AR0000002', 'GR13', 'Bateria'),
('AR0000003', 'GR14', 'Voz'),
('AR0000004', 'GR14', 'Guitarra'),
('AR0000005', 'GR14', 'Bajo'),
('AR0000006', 'GR14', 'Bateria'),
('AR0000007', 'GR15', 'Voz'),
('AR0000008', 'GR15', 'Guitarra'),
('AR0000009', 'GR15', 'Bajo'),
('AR0000010', 'GR15', 'Bateria');

-- ============================================================================
-- Datos ampliados para Música
INSERT INTO grupo VALUES
('GR16', 'Solar Echo', '2020-05-01', 'España'),
('GR17', 'Crimson Drift', '2018-03-15', 'Reino Unido'),
('GR18', 'Aurora Pulse', '2019-09-20', 'Estados Unidos'),
('GR19', 'Laguna Mist', '2017-11-11', 'México');
INSERT INTO disco VALUES
('DX11', 'Solar Echo Session 1', '2021-01-15', 'CMP1', 'GR16'),
('DX12', 'Solar Echo Session 2', '2022-02-15', 'CMP2', 'GR16'),
('DX21', 'Crimson Drift Session 1', '2021-01-15', 'CMP3', 'GR17'),
('DX22', 'Crimson Drift Session 2', '2022-02-15', 'CMP4', 'GR17'),
('DX31', 'Aurora Pulse Session 1', '2021-01-15', 'CMP1', 'GR18'),
('DX32', 'Aurora Pulse Session 2', '2022-02-15', 'CMP2', 'GR18'),
('DX41', 'Laguna Mist Session 1', '2021-01-15', 'CMP3', 'GR19'),
('DX42', 'Laguna Mist Session 2', '2022-02-15', 'CMP4', 'GR19');
INSERT INTO club VALUES
('CL31', 'Club Solar Echo 1', 'Online', 160, 'GR16'),
('CL32', 'Club Solar Echo 2', 'Online', 170, 'GR16'),
('CL33', 'Club Crimson Drift 1', 'Online', 190, 'GR17'),
('CL34', 'Club Crimson Drift 2', 'Online', 200, 'GR17'),
('CL35', 'Club Aurora Pulse 1', 'Online', 220, 'GR18'),
('CL36', 'Club Aurora Pulse 2', 'Online', 230, 'GR18'),
('CL37', 'Club Laguna Mist 1', 'Online', 250, 'GR19'),
('CL38', 'Club Laguna Mist 2', 'Online', 260, 'GR19');
INSERT INTO artista VALUES
('ARX0000A', 'ArtistaNX00'),
('ARX0001A', 'ArtistaNX01'),
('ARX0002A', 'ArtistaNX02'),
('ARX0003A', 'ArtistaNX03'),
('ARX0004A', 'ArtistaNX04'),
('ARX0005A', 'ArtistaNX05'),
('ARX0006A', 'ArtistaNX06'),
('ARX0007A', 'ArtistaNX07'),
('ARX0008A', 'ArtistaNX08'),
('ARX0009A', 'ArtistaNX09'),
('ARX0010A', 'ArtistaNX10'),
('ARX0011A', 'ArtistaNX11'),
('ARX0012A', 'ArtistaNX12'),
('ARX0013A', 'ArtistaNX13'),
('ARX0014A', 'ArtistaNX14'),
('ARX0015A', 'ArtistaNX15'),
('ARX0016A', 'ArtistaNX16'),
('ARX0017A', 'ArtistaNX17'),
('ARX0018A', 'ArtistaNX18'),
('ARX0019A', 'ArtistaNX19'),
('ARX0020A', 'ArtistaNX20'),
('ARX0021A', 'ArtistaNX21'),
('ARX0022A', 'ArtistaNX22'),
('ARX0023A', 'ArtistaNX23');
INSERT INTO pertenece VALUES
('ARX0000A', 'GR16', 'Voz'),
('ARX0001A', 'GR16', 'Guitarra'),
('ARX0002A', 'GR16', 'Bajo'),
('ARX0003A', 'GR16', 'Batería'),
('ARX0006A', 'GR17', 'Voz'),
('ARX0007A', 'GR17', 'Guitarra'),
('ARX0008A', 'GR17', 'Bajo'),
('ARX0009A', 'GR17', 'Batería'),
('ARX0012A', 'GR18', 'Voz'),
('ARX0013A', 'GR18', 'Guitarra'),
('ARX0014A', 'GR18', 'Bajo'),
('ARX0015A', 'GR18', 'Batería'),
('ARX0018A', 'GR19', 'Voz'),
('ARX0019A', 'GR19', 'Guitarra'),
('ARX0020A', 'GR19', 'Bajo'),
('ARX0021A', 'GR19', 'Batería');
INSERT INTO cancion VALUES
('CX800', 'Tema 1 ''DX11''', 180),
('CX801', 'Tema 2 ''DX11''', 200),
('CX802', 'Tema 3 ''DX11''', 220),
('CX803', 'Tema 1 ''DX12''', 180),
('CX804', 'Tema 2 ''DX12''', 200),
('CX805', 'Tema 3 ''DX12''', 220),
('CX806', 'Tema 1 ''DX21''', 180),
('CX807', 'Tema 2 ''DX21''', 200),
('CX808', 'Tema 3 ''DX21''', 220),
('CX809', 'Tema 1 ''DX22''', 180),
('CX810', 'Tema 2 ''DX22''', 200),
('CX811', 'Tema 3 ''DX22''', 220),
('CX812', 'Tema 1 ''DX31''', 180),
('CX813', 'Tema 2 ''DX31''', 200),
('CX814', 'Tema 3 ''DX31''', 220),
('CX815', 'Tema 1 ''DX32''', 180),
('CX816', 'Tema 2 ''DX32''', 200),
('CX817', 'Tema 3 ''DX32''', 220),
('CX818', 'Tema 1 ''DX41''', 180),
('CX819', 'Tema 2 ''DX41''', 200),
('CX820', 'Tema 3 ''DX41''', 220),
('CX821', 'Tema 1 ''DX42''', 180),
('CX822', 'Tema 2 ''DX42''', 200),
('CX823', 'Tema 3 ''DX42''', 220);
INSERT INTO esta VALUES
('DX11', 'CX800'),
('DX11', 'CX801'),
('DX11', 'CX802'),
('DX12', 'CX803'),
('DX12', 'CX804'),
('DX12', 'CX805'),
('DX21', 'CX806'),
('DX21', 'CX807'),
('DX21', 'CX808'),
('DX22', 'CX809'),
('DX22', 'CX810'),
('DX22', 'CX811'),
('DX31', 'CX812'),
('DX31', 'CX813'),
('DX31', 'CX814'),
('DX32', 'CX815'),
('DX32', 'CX816'),
('DX32', 'CX817'),
('DX41', 'CX818'),
('DX41', 'CX819'),
('DX41', 'CX820'),
('DX42', 'CX821'),
('DX42', 'CX822'),
('DX42', 'CX823');

-- BASE DE DATOS: BIBLIOTECA
-- ============================================================================
DROP DATABASE IF EXISTS biblioteca_db;
CREATE DATABASE biblioteca_db;
USE biblioteca_db;

CREATE TABLE autor (
    autor_id INT PRIMARY KEY,
    nombre VARCHAR(120) NOT NULL,
    nacionalidad VARCHAR(60) NOT NULL
);

CREATE TABLE libro (
    id_lib INT PRIMARY KEY,
    titulo VARCHAR(120) NOT NULL,
    ano INT NOT NULL,
    varias_obras BOOLEAN NOT NULL
);

CREATE TABLE tema (
    tematica VARCHAR(80) PRIMARY KEY,
    descripcion VARCHAR(200) NOT NULL
);

CREATE TABLE obra (
    cod_ob INT PRIMARY KEY,
    titulo VARCHAR(120) NOT NULL,
    tematica VARCHAR(80) NOT NULL,
    FOREIGN KEY (tematica) REFERENCES tema(tematica)
);

CREATE TABLE amigo (
    num INT PRIMARY KEY,
    nombre VARCHAR(120) NOT NULL,
    telefono VARCHAR(20) NOT NULL
);

CREATE TABLE prestamo (
    num INT NOT NULL,
    id_lib INT NOT NULL,
    PRIMARY KEY (num, id_lib),
    FOREIGN KEY (num) REFERENCES amigo(num),
    FOREIGN KEY (id_lib) REFERENCES libro(id_lib)
);

CREATE TABLE esta_en (
    cod_ob INT NOT NULL,
    id_lib INT NOT NULL,
    PRIMARY KEY (cod_ob, id_lib),
    FOREIGN KEY (cod_ob) REFERENCES obra(cod_ob),
    FOREIGN KEY (id_lib) REFERENCES libro(id_lib)
);

CREATE TABLE escribir (
    cod_ob INT NOT NULL,
    autor_id INT NOT NULL,
    PRIMARY KEY (cod_ob, autor_id),
    FOREIGN KEY (cod_ob) REFERENCES obra(cod_ob),
    FOREIGN KEY (autor_id) REFERENCES autor(autor_id)
);

INSERT INTO autor (autor_id, nombre, nacionalidad) VALUES
(1, 'Isabel Allende', 'Intl'),
(2, 'Mario Vargas Llosa', 'Intl'),
(3, 'Haruki Murakami', 'Intl'),
(4, 'Ursula Le Guin', 'Intl'),
(5, 'Julio Cortazar', 'Intl'),
(6, 'Elena Poniatowska', 'Intl'),
(7, 'Toni Morrison', 'Intl'),
(8, 'Chimamanda Adichie', 'Intl'),
(9, 'Kazuo Ishiguro', 'Intl'),
(10, 'Zadie Smith', 'Intl'),
(11, 'Arturo Perez Reverte', 'Intl'),
(12, 'Rosa Montero', 'Intl');

INSERT INTO libro (id_lib, titulo, ano, varias_obras) VALUES
(1, 'Coleccion 01', 1991, FALSE),
(2, 'Coleccion 02', 1992, TRUE),
(3, 'Coleccion 03', 1993, FALSE),
(4, 'Coleccion 04', 1994, TRUE),
(5, 'Coleccion 05', 1995, FALSE),
(6, 'Coleccion 06', 1996, TRUE),
(7, 'Coleccion 07', 1997, FALSE),
(8, 'Coleccion 08', 1998, TRUE),
(9, 'Coleccion 09', 1999, FALSE),
(10, 'Coleccion 10', 2000, TRUE),
(11, 'Coleccion 11', 2001, FALSE),
(12, 'Coleccion 12', 2002, TRUE),
(13, 'Coleccion 13', 2003, FALSE),
(14, 'Coleccion 14', 2004, TRUE),
(15, 'Coleccion 15', 2005, FALSE),
(16, 'Coleccion 16', 2006, TRUE),
(17, 'Coleccion 17', 2007, FALSE),
(18, 'Coleccion 18', 2008, TRUE),
(19, 'Coleccion 19', 2009, FALSE),
(20, 'Coleccion 20', 2010, TRUE);

INSERT INTO tema (tematica, descripcion) VALUES
('Fantasia', 'Relatos fantasticos'),
('Historia', 'Hechos historicos'),
('Ciencia', 'Divulgacion'),
('Novela', 'Narrativa contemporanea'),
('Poesia', 'Compilacion poetica'),
('Ensayo', 'Obras de opinion'),
('Viajes', 'Cuadernos de viaje'),
('Biografia', 'Relatos de vida');

INSERT INTO obra (cod_ob, titulo, tematica) VALUES
(1, 'Obra 001', 'Historia'),
(2, 'Obra 002', 'Ciencia'),
(3, 'Obra 003', 'Novela'),
(4, 'Obra 004', 'Poesia'),
(5, 'Obra 005', 'Ensayo'),
(6, 'Obra 006', 'Viajes'),
(7, 'Obra 007', 'Biografia'),
(8, 'Obra 008', 'Fantasia'),
(9, 'Obra 009', 'Historia'),
(10, 'Obra 010', 'Ciencia'),
(11, 'Obra 011', 'Novela'),
(12, 'Obra 012', 'Poesia'),
(13, 'Obra 013', 'Ensayo'),
(14, 'Obra 014', 'Viajes'),
(15, 'Obra 015', 'Biografia'),
(16, 'Obra 016', 'Fantasia'),
(17, 'Obra 017', 'Historia'),
(18, 'Obra 018', 'Ciencia'),
(19, 'Obra 019', 'Novela'),
(20, 'Obra 020', 'Poesia'),
(21, 'Obra 021', 'Ensayo'),
(22, 'Obra 022', 'Viajes'),
(23, 'Obra 023', 'Biografia'),
(24, 'Obra 024', 'Fantasia'),
(25, 'Obra 025', 'Historia'),
(26, 'Obra 026', 'Ciencia'),
(27, 'Obra 027', 'Novela'),
(28, 'Obra 028', 'Poesia'),
(29, 'Obra 029', 'Ensayo'),
(30, 'Obra 030', 'Viajes'),
(31, 'Obra 031', 'Biografia'),
(32, 'Obra 032', 'Fantasia'),
(33, 'Obra 033', 'Historia'),
(34, 'Obra 034', 'Ciencia'),
(35, 'Obra 035', 'Novela'),
(36, 'Obra 036', 'Poesia'),
(37, 'Obra 037', 'Ensayo'),
(38, 'Obra 038', 'Viajes'),
(39, 'Obra 039', 'Biografia'),
(40, 'Obra 040', 'Fantasia');

INSERT INTO amigo (num, nombre, telefono) VALUES
(1, 'Lector 01', '+34910701'),
(2, 'Lector 02', '+34910702'),
(3, 'Lector 03', '+34910703'),
(4, 'Lector 04', '+34910704'),
(5, 'Lector 05', '+34910705'),
(6, 'Lector 06', '+34910706'),
(7, 'Lector 07', '+34910707'),
(8, 'Lector 08', '+34910708'),
(9, 'Lector 09', '+34910709'),
(10, 'Lector 10', '+34910710'),
(11, 'Lector 11', '+34910711'),
(12, 'Lector 12', '+34910712'),
(13, 'Lector 13', '+34910713'),
(14, 'Lector 14', '+34910714'),
(15, 'Lector 15', '+34910715'),
(16, 'Lector 16', '+34910716'),
(17, 'Lector 17', '+34910717'),
(18, 'Lector 18', '+34910718'),
(19, 'Lector 19', '+34910719'),
(20, 'Lector 20', '+34910720'),
(21, 'Lector 21', '+34910721'),
(22, 'Lector 22', '+34910722'),
(23, 'Lector 23', '+34910723'),
(24, 'Lector 24', '+34910724'),
(25, 'Lector 25', '+34910725');

INSERT INTO prestamo (num, id_lib) VALUES
(1, 1),
(1, 6),
(2, 2),
(3, 3),
(4, 4),
(4, 9),
(5, 5),
(6, 6),
(7, 7),
(7, 12),
(8, 8),
(9, 9),
(10, 10),
(10, 15),
(11, 11),
(12, 12),
(13, 13),
(13, 18),
(14, 14),
(15, 15),
(16, 16),
(16, 1),
(17, 17),
(18, 18),
(19, 19),
(19, 4),
(20, 20),
(21, 1),
(22, 2),
(22, 7),
(23, 3),
(24, 4),
(25, 5),
(25, 10);

INSERT INTO esta_en (cod_ob, id_lib) VALUES
(1, 2),
(2, 3),
(3, 4),
(4, 5),
(5, 6),
(6, 7),
(7, 8),
(8, 9),
(9, 10),
(10, 11),
(11, 12),
(12, 13),
(13, 14),
(14, 15),
(15, 16),
(16, 17),
(17, 18),
(18, 19),
(19, 20),
(20, 1),
(21, 2),
(22, 3),
(23, 4),
(24, 5),
(25, 6),
(26, 7),
(27, 8),
(28, 9),
(29, 10),
(30, 11),
(31, 12),
(32, 13),
(33, 14),
(34, 15),
(35, 16),
(36, 17),
(37, 18),
(38, 19),
(39, 20),
(40, 1);

INSERT INTO escribir (cod_ob, autor_id) VALUES
(1, 2),
(2, 3),
(3, 4),
(4, 5),
(5, 6),
(5, 9),
(6, 7),
(7, 8),
(8, 9),
(9, 10),
(10, 11),
(10, 2),
(11, 12),
(12, 1),
(13, 2),
(14, 3),
(15, 4),
(15, 7),
(16, 5),
(17, 6),
(18, 7),
(19, 8),
(20, 9),
(20, 12),
(21, 10),
(22, 11),
(23, 12),
(24, 1),
(25, 2),
(25, 5),
(26, 3),
(27, 4),
(28, 5),
(29, 6),
(30, 7),
(30, 10),
(31, 8),
(32, 9),
(33, 10),
(34, 11),
(35, 12),
(35, 3),
(36, 1),
(37, 2),
(38, 3),
(39, 4),
(40, 5),
(40, 8);

-- ============================================================================
-- Datos ampliados para Biblioteca
INSERT INTO autor VALUES
(21, 'Laura Restrepo', 'Colombia'),
(22, 'Luis Sepulveda', 'Chile'),
(23, 'Joanne Harris', 'Reino Unido'),
(24, 'Andres Caicedo', 'Colombia');
INSERT INTO libro VALUES
(30, 'Coleccion Especial 30', 2010, TRUE),
(31, 'Coleccion Especial 31', 2011, FALSE),
(32, 'Coleccion Especial 32', 2012, TRUE),
(33, 'Coleccion Especial 33', 2013, FALSE),
(34, 'Coleccion Especial 34', 2014, TRUE),
(35, 'Coleccion Especial 35', 2015, FALSE),
(36, 'Coleccion Especial 36', 2016, TRUE),
(37, 'Coleccion Especial 37', 2017, FALSE),
(38, 'Coleccion Especial 38', 2018, TRUE),
(39, 'Coleccion Especial 39', 2019, FALSE);
INSERT INTO tema VALUES
('Tecnologia', 'Avances digitales'),
('Gastronomia', 'Recetas del mundo');
INSERT INTO obra VALUES
(60, 'Obra Especial 60', 'Tecnologia'),
(61, 'Obra Especial 61', 'Gastronomia'),
(62, 'Obra Especial 62', 'Tecnologia'),
(63, 'Obra Especial 63', 'Gastronomia'),
(64, 'Obra Especial 64', 'Tecnologia'),
(65, 'Obra Especial 65', 'Gastronomia'),
(66, 'Obra Especial 66', 'Tecnologia'),
(67, 'Obra Especial 67', 'Gastronomia'),
(68, 'Obra Especial 68', 'Tecnologia'),
(69, 'Obra Especial 69', 'Gastronomia');
INSERT INTO esta_en VALUES
(60, 30),
(61, 31),
(62, 32),
(63, 33),
(64, 34),
(65, 35),
(66, 36),
(67, 37),
(68, 38),
(69, 39);
INSERT INTO escribir VALUES
(60, 21),
(61, 22),
(62, 23),
(63, 24),
(64, 21),
(65, 22),
(66, 23),
(67, 24),
(68, 21),
(69, 22);
INSERT INTO amigo VALUES
(30, 'Lector Especial 30', '+34910830'),
(31, 'Lector Especial 31', '+34910831'),
(32, 'Lector Especial 32', '+34910832'),
(33, 'Lector Especial 33', '+34910833'),
(34, 'Lector Especial 34', '+34910834'),
(35, 'Lector Especial 35', '+34910835'),
(36, 'Lector Especial 36', '+34910836'),
(37, 'Lector Especial 37', '+34910837'),
(38, 'Lector Especial 38', '+34910838'),
(39, 'Lector Especial 39', '+34910839');
INSERT INTO prestamo VALUES
(30, 30),
(30, 33),
(31, 31),
(32, 32),
(33, 33),
(33, 36),
(34, 34),
(35, 35),
(36, 36),
(36, 32),
(37, 37),
(38, 38),
(39, 39),
(39, 35);

-- BASE DE DATOS: BALONCESTO
-- ============================================================================
DROP DATABASE IF EXISTS baloncesto_db;
CREATE DATABASE baloncesto_db;
USE baloncesto_db;

CREATE TABLE equipos (
    codequipo INT PRIMARY KEY AUTO_INCREMENT,
    nombre VARCHAR(80) NOT NULL,
    ciudad VARCHAR(60) NOT NULL,
    presupuesto DECIMAL(12,2) NOT NULL,
    fecha_fundacion DATE NOT NULL
);

CREATE TABLE jugadores (
    codjugador INT PRIMARY KEY AUTO_INCREMENT,
    nombre VARCHAR(100) NOT NULL,
    dni CHAR(9) UNIQUE,
    fecha_nacimiento DATE,
    altura DECIMAL(4,2),
    peso DECIMAL(5,2),
    salario DECIMAL(12,2),
    codequipo INT,
    FOREIGN KEY (codequipo) REFERENCES equipos(codequipo)
);

CREATE TABLE partidos (
    codpartido INT PRIMARY KEY AUTO_INCREMENT,
    fecha DATE,
    lugar VARCHAR(100),
    equipo_local INT,
    equipo_visitante INT,
    puntos_local INT,
    puntos_visitante INT,
    FOREIGN KEY (equipo_local) REFERENCES equipos(codequipo),
    FOREIGN KEY (equipo_visitante) REFERENCES equipos(codequipo)
);

CREATE TABLE estadisticas (
    codestadistica INT PRIMARY KEY AUTO_INCREMENT,
    codjugador INT,
    codpartido INT,
    puntos INT,
    canastas_2puntos INT,
    canastas_3puntos INT,
    tiros_libres INT,
    rebotes INT,
    asistencias INT,
    minutos_jugados INT,
    FOREIGN KEY (codjugador) REFERENCES jugadores(codjugador),
    FOREIGN KEY (codpartido) REFERENCES partidos(codpartido)
);

CREATE TABLE entrenadores (
    codentrenador INT PRIMARY KEY AUTO_INCREMENT,
    nombre VARCHAR(100) NOT NULL,
    dni CHAR(9) UNIQUE,
    experiencia_anos INT,
    codequipo INT,
    FOREIGN KEY (codequipo) REFERENCES equipos(codequipo)
);

INSERT INTO equipos (nombre, ciudad, presupuesto, fecha_fundacion) VALUES
('Madrid Meteors', 'Madrid', 45000000, '1931-03-06'),
('Barcelona Comets', 'Barcelona', 42000000, '1926-08-24'),
('Valencia Sparks', 'Valencia', 18000000, '1986-06-01'),
('Baskonia Storm', 'Vitoria', 22000000, '1959-07-31'),
('Malaga Tide', 'Malaga', 15000000, '1977-05-01'),
('Granada Royals', 'Granada', 14000000, '1982-02-17'),
('Murcia Wave', 'Murcia', 12000000, '1985-09-09'),
('Zaragoza Blaze', 'Zaragoza', 16000000, '1984-04-14'),
('Canarias Suns', 'Tenerife', 13000000, '1939-11-22'),
('Bilbao Titans', 'Bilbao', 17000000, '2000-01-15');

INSERT INTO jugadores (nombre, dni, fecha_nacimiento, altura, peso, salario, codequipo) VALUES
('Jugador 1-1', '70000000A', '1990-01-15', 1.80, 80.00, 825000, 1),
('Jugador 1-2', '70000001B', '1991-02-15', 1.83, 82.50, 875000, 1),
('Jugador 1-3', '70000002C', '1992-03-15', 1.86, 85.00, 925000, 1),
('Jugador 1-4', '70000003D', '1993-04-15', 1.89, 87.50, 975000, 1),
('Jugador 1-5', '70000004E', '1994-05-15', 1.92, 90.00, 1025000, 1),
('Jugador 1-6', '70000005F', '1995-06-15', 1.80, 92.50, 1075000, 1),
('Jugador 1-7', '70000006G', '1996-07-15', 1.83, 95.00, 1125000, 1),
('Jugador 1-8', '70000007H', '1997-08-15', 1.86, 97.50, 1175000, 1),
('Jugador 2-1', '70000008I', '1998-01-15', 1.80, 80.00, 850000, 2),
('Jugador 2-2', '70000009J', '1999-02-15', 1.83, 82.50, 900000, 2),
('Jugador 2-3', '70000010K', '1990-03-15', 1.86, 85.00, 950000, 2),
('Jugador 2-4', '70000011L', '1991-04-15', 1.89, 87.50, 1000000, 2),
('Jugador 2-5', '70000012M', '1992-05-15', 1.92, 90.00, 1050000, 2),
('Jugador 2-6', '70000013N', '1993-06-15', 1.80, 92.50, 1100000, 2),
('Jugador 2-7', '70000014O', '1994-07-15', 1.83, 95.00, 1150000, 2),
('Jugador 2-8', '70000015P', '1995-08-15', 1.86, 97.50, 1200000, 2),
('Jugador 3-1', '70000016Q', '1996-01-15', 1.80, 80.00, 875000, 3),
('Jugador 3-2', '70000017R', '1997-02-15', 1.83, 82.50, 925000, 3),
('Jugador 3-3', '70000018S', '1998-03-15', 1.86, 85.00, 975000, 3),
('Jugador 3-4', '70000019T', '1999-04-15', 1.89, 87.50, 1025000, 3),
('Jugador 3-5', '70000020U', '1990-05-15', 1.92, 90.00, 1075000, 3),
('Jugador 3-6', '70000021V', '1991-06-15', 1.80, 92.50, 1125000, 3),
('Jugador 3-7', '70000022W', '1992-07-15', 1.83, 95.00, 1175000, 3),
('Jugador 3-8', '70000023A', '1993-08-15', 1.86, 97.50, 1225000, 3),
('Jugador 4-1', '70000024B', '1994-01-15', 1.80, 80.00, 900000, 4),
('Jugador 4-2', '70000025C', '1995-02-15', 1.83, 82.50, 950000, 4),
('Jugador 4-3', '70000026D', '1996-03-15', 1.86, 85.00, 1000000, 4),
('Jugador 4-4', '70000027E', '1997-04-15', 1.89, 87.50, 1050000, 4),
('Jugador 4-5', '70000028F', '1998-05-15', 1.92, 90.00, 1100000, 4),
('Jugador 4-6', '70000029G', '1999-06-15', 1.80, 92.50, 1150000, 4),
('Jugador 4-7', '70000030H', '1990-07-15', 1.83, 95.00, 1200000, 4),
('Jugador 4-8', '70000031I', '1991-08-15', 1.86, 97.50, 1250000, 4),
('Jugador 5-1', '70000032J', '1992-01-15', 1.80, 80.00, 925000, 5),
('Jugador 5-2', '70000033K', '1993-02-15', 1.83, 82.50, 975000, 5),
('Jugador 5-3', '70000034L', '1994-03-15', 1.86, 85.00, 1025000, 5),
('Jugador 5-4', '70000035M', '1995-04-15', 1.89, 87.50, 1075000, 5),
('Jugador 5-5', '70000036N', '1996-05-15', 1.92, 90.00, 1125000, 5),
('Jugador 5-6', '70000037O', '1997-06-15', 1.80, 92.50, 1175000, 5),
('Jugador 5-7', '70000038P', '1998-07-15', 1.83, 95.00, 1225000, 5),
('Jugador 5-8', '70000039Q', '1999-08-15', 1.86, 97.50, 1275000, 5),
('Jugador 6-1', '70000040R', '1990-01-15', 1.80, 80.00, 950000, 6),
('Jugador 6-2', '70000041S', '1991-02-15', 1.83, 82.50, 1000000, 6),
('Jugador 6-3', '70000042T', '1992-03-15', 1.86, 85.00, 1050000, 6),
('Jugador 6-4', '70000043U', '1993-04-15', 1.89, 87.50, 1100000, 6),
('Jugador 6-5', '70000044V', '1994-05-15', 1.92, 90.00, 1150000, 6),
('Jugador 6-6', '70000045W', '1995-06-15', 1.80, 92.50, 1200000, 6),
('Jugador 6-7', '70000046A', '1996-07-15', 1.83, 95.00, 1250000, 6),
('Jugador 6-8', '70000047B', '1997-08-15', 1.86, 97.50, 1300000, 6),
('Jugador 7-1', '70000048C', '1998-01-15', 1.80, 80.00, 975000, 7),
('Jugador 7-2', '70000049D', '1999-02-15', 1.83, 82.50, 1025000, 7),
('Jugador 7-3', '70000050E', '1990-03-15', 1.86, 85.00, 1075000, 7),
('Jugador 7-4', '70000051F', '1991-04-15', 1.89, 87.50, 1125000, 7),
('Jugador 7-5', '70000052G', '1992-05-15', 1.92, 90.00, 1175000, 7),
('Jugador 7-6', '70000053H', '1993-06-15', 1.80, 92.50, 1225000, 7),
('Jugador 7-7', '70000054I', '1994-07-15', 1.83, 95.00, 1275000, 7),
('Jugador 7-8', '70000055J', '1995-08-15', 1.86, 97.50, 1325000, 7),
('Jugador 8-1', '70000056K', '1996-01-15', 1.80, 80.00, 1000000, 8),
('Jugador 8-2', '70000057L', '1997-02-15', 1.83, 82.50, 1050000, 8),
('Jugador 8-3', '70000058M', '1998-03-15', 1.86, 85.00, 1100000, 8),
('Jugador 8-4', '70000059N', '1999-04-15', 1.89, 87.50, 1150000, 8),
('Jugador 8-5', '70000060O', '1990-05-15', 1.92, 90.00, 1200000, 8),
('Jugador 8-6', '70000061P', '1991-06-15', 1.80, 92.50, 1250000, 8),
('Jugador 8-7', '70000062Q', '1992-07-15', 1.83, 95.00, 1300000, 8),
('Jugador 8-8', '70000063R', '1993-08-15', 1.86, 97.50, 1350000, 8),
('Jugador 9-1', '70000064S', '1994-01-15', 1.80, 80.00, 1025000, 9),
('Jugador 9-2', '70000065T', '1995-02-15', 1.83, 82.50, 1075000, 9),
('Jugador 9-3', '70000066U', '1996-03-15', 1.86, 85.00, 1125000, 9),
('Jugador 9-4', '70000067V', '1997-04-15', 1.89, 87.50, 1175000, 9),
('Jugador 9-5', '70000068W', '1998-05-15', 1.92, 90.00, 1225000, 9),
('Jugador 9-6', '70000069A', '1999-06-15', 1.80, 92.50, 1275000, 9),
('Jugador 9-7', '70000070B', '1990-07-15', 1.83, 95.00, 1325000, 9),
('Jugador 9-8', '70000071C', '1991-08-15', 1.86, 97.50, 1375000, 9),
('Jugador 10-1', '70000072D', '1992-01-15', 1.80, 80.00, 1050000, 10),
('Jugador 10-2', '70000073E', '1993-02-15', 1.83, 82.50, 1100000, 10),
('Jugador 10-3', '70000074F', '1994-03-15', 1.86, 85.00, 1150000, 10),
('Jugador 10-4', '70000075G', '1995-04-15', 1.89, 87.50, 1200000, 10),
('Jugador 10-5', '70000076H', '1996-05-15', 1.92, 90.00, 1250000, 10),
('Jugador 10-6', '70000077I', '1997-06-15', 1.80, 92.50, 1300000, 10),
('Jugador 10-7', '70000078J', '1998-07-15', 1.83, 95.00, 1350000, 10),
('Jugador 10-8', '70000079K', '1999-08-15', 1.86, 97.50, 1400000, 10);

INSERT INTO partidos (fecha, lugar, equipo_local, equipo_visitante, puntos_local, puntos_visitante) VALUES
('2024-01-10', 'Pabellon 1', 1, 2, 75, 70),
('2024-02-11', 'Pabellon 2', 2, 4, 76, 72),
('2024-03-12', 'Pabellon 3', 3, 7, 77, 74),
('2024-04-13', 'Pabellon 4', 4, 10, 78, 76),
('2024-05-14', 'Pabellon 5', 5, 3, 79, 78),
('2024-06-15', 'Pabellon 6', 6, 7, 80, 80),
('2024-07-16', 'Pabellon 7', 7, 9, 81, 82),
('2024-08-17', 'Pabellon 8', 8, 2, 82, 84),
('2024-09-18', 'Pabellon 9', 9, 5, 83, 86),
('2024-10-19', 'Pabellon 10', 10, 8, 84, 88),
('2024-11-20', 'Pabellon 11', 1, 2, 85, 90),
('2024-12-21', 'Pabellon 12', 2, 4, 86, 92),
('2024-01-22', 'Pabellon 13', 3, 7, 87, 94),
('2024-02-23', 'Pabellon 14', 4, 10, 88, 71),
('2024-03-24', 'Pabellon 15', 5, 3, 89, 73),
('2024-04-25', 'Pabellon 16', 6, 7, 90, 75),
('2024-05-26', 'Pabellon 17', 7, 9, 91, 77),
('2024-06-27', 'Pabellon 18', 8, 2, 92, 79),
('2024-07-10', 'Pabellon 19', 9, 5, 93, 81),
('2024-08-11', 'Pabellon 20', 10, 8, 94, 83);

INSERT INTO estadisticas (codjugador, codpartido, puntos, canastas_2puntos, canastas_3puntos, tiros_libres, rebotes, asistencias, minutos_jugados) VALUES
(1, 1, 8, 4, 1, 3, 5, 2, 16),
(2, 1, 8, 5, 2, 4, 6, 2, 17),
(3, 1, 8, 6, 3, 2, 7, 2, 18),
(4, 1, 8, 3, 4, 3, 8, 2, 19),
(9, 1, 8, 4, 4, 2, 7, 2, 24),
(10, 1, 8, 5, 0, 3, 8, 2, 25),
(11, 1, 8, 6, 1, 4, 9, 2, 26),
(12, 1, 8, 3, 2, 2, 4, 2, 27),
(9, 2, 17, 4, 0, 3, 7, 3, 24),
(10, 2, 18, 5, 1, 4, 8, 3, 25),
(11, 2, 19, 6, 2, 2, 9, 3, 26),
(12, 2, 20, 3, 3, 3, 4, 3, 27),
(25, 2, 13, 4, 1, 4, 5, 3, 20),
(26, 2, 14, 5, 2, 2, 6, 3, 21),
(27, 2, 15, 6, 3, 3, 7, 3, 22),
(28, 2, 16, 3, 4, 4, 8, 3, 23),
(17, 3, 22, 4, 4, 3, 9, 4, 32),
(18, 3, 24, 5, 0, 4, 4, 4, 33),
(19, 3, 26, 6, 1, 2, 5, 4, 34),
(20, 3, 8, 3, 2, 3, 6, 4, 15),
(49, 3, 26, 4, 1, 2, 5, 4, 24),
(50, 3, 8, 5, 2, 3, 6, 4, 25),
(51, 3, 10, 6, 3, 4, 7, 4, 26),
(52, 3, 12, 3, 4, 2, 8, 4, 27),
(25, 4, 23, 4, 3, 3, 5, 5, 20),
(26, 4, 26, 5, 4, 4, 6, 5, 21),
(27, 4, 9, 6, 0, 2, 7, 5, 22),
(28, 4, 12, 3, 1, 3, 8, 5, 23),
(73, 4, 27, 4, 1, 3, 5, 5, 28),
(74, 4, 10, 5, 2, 4, 6, 5, 29),
(75, 4, 13, 6, 3, 2, 7, 5, 30),
(76, 4, 16, 3, 4, 3, 8, 5, 31),
(33, 5, 20, 4, 2, 3, 7, 6, 28),
(34, 5, 24, 5, 3, 4, 8, 6, 29),
(35, 5, 8, 6, 4, 2, 9, 6, 30),
(36, 5, 12, 3, 0, 3, 4, 6, 31),
(17, 5, 16, 4, 1, 2, 9, 6, 32),
(18, 5, 20, 5, 2, 3, 4, 6, 33),
(19, 5, 24, 6, 3, 4, 5, 6, 34),
(20, 5, 8, 3, 4, 2, 6, 6, 15),
(41, 6, 13, 4, 1, 3, 9, 2, 16),
(42, 6, 18, 5, 2, 4, 4, 2, 17),
(43, 6, 23, 6, 3, 2, 5, 2, 18),
(44, 6, 8, 3, 4, 3, 6, 2, 19),
(49, 6, 13, 4, 4, 2, 5, 2, 24),
(50, 6, 18, 5, 0, 3, 6, 2, 25),
(51, 6, 23, 6, 1, 4, 7, 2, 26),
(52, 6, 8, 3, 2, 2, 8, 2, 27),
(49, 7, 22, 4, 0, 3, 5, 3, 24),
(50, 7, 8, 5, 1, 4, 6, 3, 25),
(51, 7, 14, 6, 2, 2, 7, 3, 26),
(52, 7, 20, 3, 3, 3, 8, 3, 27),
(65, 7, 18, 4, 1, 4, 9, 3, 20),
(66, 7, 24, 5, 2, 2, 4, 3, 21),
(67, 7, 10, 6, 3, 3, 5, 3, 22),
(68, 7, 16, 3, 4, 4, 6, 3, 23),
(57, 8, 27, 4, 4, 3, 7, 4, 32),
(58, 8, 14, 5, 0, 4, 8, 4, 33),
(59, 8, 21, 6, 1, 2, 9, 4, 34),
(60, 8, 8, 3, 2, 3, 4, 4, 15),
(9, 8, 11, 4, 1, 3, 7, 4, 24),
(10, 8, 18, 5, 2, 4, 8, 4, 25),
(11, 8, 25, 6, 3, 2, 9, 4, 26),
(12, 8, 12, 3, 4, 3, 4, 4, 27),
(65, 9, 8, 4, 3, 3, 9, 5, 20),
(66, 9, 16, 5, 4, 4, 4, 5, 21),
(67, 9, 24, 6, 0, 2, 5, 5, 22),
(68, 9, 12, 3, 1, 3, 6, 5, 23),
(33, 9, 12, 4, 1, 4, 7, 5, 28),
(34, 9, 20, 5, 2, 2, 8, 5, 29),
(35, 9, 8, 6, 3, 3, 9, 5, 30),
(36, 9, 16, 3, 4, 4, 4, 5, 31),
(73, 10, 25, 4, 2, 3, 5, 6, 28),
(74, 10, 14, 5, 3, 4, 6, 6, 29),
(75, 10, 23, 6, 4, 2, 7, 6, 30),
(76, 10, 12, 3, 0, 3, 8, 6, 31),
(57, 10, 21, 4, 1, 2, 7, 6, 32),
(58, 10, 10, 5, 2, 3, 8, 6, 33),
(59, 10, 19, 6, 3, 4, 9, 6, 34),
(60, 10, 8, 3, 4, 2, 4, 6, 15),
(1, 11, 18, 4, 1, 4, 5, 2, 16),
(2, 11, 8, 5, 2, 2, 6, 2, 17),
(3, 11, 18, 6, 3, 3, 7, 2, 18),
(4, 11, 8, 3, 4, 4, 8, 2, 19),
(9, 11, 18, 4, 4, 3, 7, 2, 24),
(10, 11, 8, 5, 0, 4, 8, 2, 25),
(11, 11, 18, 6, 1, 2, 9, 2, 26),
(12, 11, 8, 3, 2, 3, 4, 2, 27),
(9, 12, 27, 4, 0, 4, 7, 3, 24),
(10, 12, 18, 5, 1, 2, 8, 3, 25),
(11, 12, 9, 6, 2, 3, 9, 3, 26),
(12, 12, 20, 3, 3, 4, 4, 3, 27),
(25, 12, 23, 4, 1, 2, 5, 3, 20),
(26, 12, 14, 5, 2, 3, 6, 3, 21),
(27, 12, 25, 6, 3, 4, 7, 3, 22),
(28, 12, 16, 3, 4, 2, 8, 3, 23),
(17, 13, 12, 4, 4, 4, 9, 4, 32),
(18, 13, 24, 5, 0, 2, 4, 4, 33),
(19, 13, 16, 6, 1, 3, 5, 4, 34),
(20, 13, 8, 3, 2, 4, 6, 4, 15),
(49, 13, 16, 4, 1, 3, 5, 4, 24),
(50, 13, 8, 5, 2, 4, 6, 4, 25),
(51, 13, 20, 6, 3, 2, 7, 4, 26),
(52, 13, 12, 3, 4, 3, 8, 4, 27),
(25, 14, 13, 4, 3, 4, 5, 5, 20),
(26, 14, 26, 5, 4, 2, 6, 5, 21),
(27, 14, 19, 6, 0, 3, 7, 5, 22),
(28, 14, 12, 3, 1, 4, 8, 5, 23),
(73, 14, 17, 4, 1, 4, 5, 5, 28),
(74, 14, 10, 5, 2, 2, 6, 5, 29),
(75, 14, 23, 6, 3, 3, 7, 5, 30),
(76, 14, 16, 3, 4, 4, 8, 5, 31),
(33, 15, 10, 4, 2, 4, 7, 6, 28),
(34, 15, 24, 5, 3, 2, 8, 6, 29),
(35, 15, 18, 6, 4, 3, 9, 6, 30),
(36, 15, 12, 3, 0, 4, 4, 6, 31),
(17, 15, 26, 4, 1, 3, 9, 6, 32),
(18, 15, 20, 5, 2, 4, 4, 6, 33),
(19, 15, 14, 6, 3, 2, 5, 6, 34),
(20, 15, 8, 3, 4, 3, 6, 6, 15),
(41, 16, 23, 4, 1, 4, 9, 2, 16),
(42, 16, 18, 5, 2, 2, 4, 2, 17),
(43, 16, 13, 6, 3, 3, 5, 2, 18),
(44, 16, 8, 3, 4, 4, 6, 2, 19),
(49, 16, 23, 4, 4, 3, 5, 2, 24),
(50, 16, 18, 5, 0, 4, 6, 2, 25),
(51, 16, 13, 6, 1, 2, 7, 2, 26),
(52, 16, 8, 3, 2, 3, 8, 2, 27),
(49, 17, 12, 4, 0, 4, 5, 3, 24),
(50, 17, 8, 5, 1, 2, 6, 3, 25),
(51, 17, 24, 6, 2, 3, 7, 3, 26),
(52, 17, 20, 3, 3, 4, 8, 3, 27),
(65, 17, 8, 4, 1, 2, 9, 3, 20),
(66, 17, 24, 5, 2, 3, 4, 3, 21),
(67, 17, 20, 6, 3, 4, 5, 3, 22),
(68, 17, 16, 3, 4, 2, 6, 3, 23),
(57, 18, 17, 4, 4, 4, 7, 4, 32),
(58, 18, 14, 5, 0, 2, 8, 4, 33),
(59, 18, 11, 6, 1, 3, 9, 4, 34),
(60, 18, 8, 3, 2, 4, 4, 4, 15),
(9, 18, 21, 4, 1, 4, 7, 4, 24),
(10, 18, 18, 5, 2, 2, 8, 4, 25),
(11, 18, 15, 6, 3, 3, 9, 4, 26),
(12, 18, 12, 3, 4, 4, 4, 4, 27),
(65, 19, 18, 4, 3, 4, 9, 5, 20),
(66, 19, 16, 5, 4, 2, 4, 5, 21),
(67, 19, 14, 6, 0, 3, 5, 5, 22),
(68, 19, 12, 3, 1, 4, 6, 5, 23),
(33, 19, 22, 4, 1, 2, 7, 5, 28),
(34, 19, 20, 5, 2, 3, 8, 5, 29),
(35, 19, 18, 6, 3, 4, 9, 5, 30),
(36, 19, 16, 3, 4, 2, 4, 5, 31),
(73, 20, 15, 4, 2, 4, 5, 6, 28),
(74, 20, 14, 5, 3, 2, 6, 6, 29),
(75, 20, 13, 6, 4, 3, 7, 6, 30),
(76, 20, 12, 3, 0, 4, 8, 6, 31),
(57, 20, 11, 4, 1, 3, 7, 6, 32),
(58, 20, 10, 5, 2, 4, 8, 6, 33),
(59, 20, 9, 6, 3, 2, 9, 6, 34),
(60, 20, 8, 3, 4, 3, 4, 6, 15);

INSERT INTO entrenadores (nombre, dni, experiencia_anos, codequipo) VALUES
('Coach Madrid Meteors', 'CT000001A', 6, 1),
('Coach Barcelona Comets', 'CT000002A', 7, 2),
('Coach Valencia Sparks', 'CT000003A', 8, 3),
('Coach Baskonia Storm', 'CT000004A', 9, 4),
('Coach Malaga Tide', 'CT000005A', 10, 5),
('Coach Granada Royals', 'CT000006A', 11, 6),
('Coach Murcia Wave', 'CT000007A', 12, 7),
('Coach Zaragoza Blaze', 'CT000008A', 13, 8),
('Coach Canarias Suns', 'CT000009A', 14, 9),
('Coach Bilbao Titans', 'CT000010A', 15, 10);

-- Datos ampliados para Baloncesto
INSERT INTO equipos VALUES
(11, 'Lisboa Lights', 'Lisboa', 12500000, '1995-04-12'),
(12, 'Paris Meteors', 'Paris', 23000000, '1979-01-22'),
(13, 'Berlin Towers', 'Berlin', 21000000, '1988-09-18'),
(14, 'Porto Sharks', 'Porto', 15000000, '1993-05-30'),
(15, 'Dublin Waves', 'Dublin', 14000000, '1984-02-17');
INSERT INTO jugadores VALUES
(200, 'Jugador Lis 1', '70000200A', '1990-01-15', 1.85, 82.00, 600000, 11),
(201, 'Jugador Lis 2', '70000201B', '1991-02-15', 1.88, 84.50, 640000, 11),
(202, 'Jugador Lis 3', '70000202C', '1992-03-15', 1.91, 87.00, 680000, 11),
(203, 'Jugador Lis 4', '70000203D', '1993-04-15', 1.94, 89.50, 720000, 11),
(204, 'Jugador Lis 5', '70000204E', '1994-05-15', 1.97, 92.00, 760000, 11),
(210, 'Jugador Par 1', '70000210A', '1990-01-15', 1.85, 82.00, 650000, 12),
(211, 'Jugador Par 2', '70000211B', '1991-02-15', 1.88, 84.50, 690000, 12),
(212, 'Jugador Par 3', '70000212C', '1992-03-15', 1.91, 87.00, 730000, 12),
(213, 'Jugador Par 4', '70000213D', '1993-04-15', 1.94, 89.50, 770000, 12),
(214, 'Jugador Par 5', '70000214E', '1994-05-15', 1.97, 92.00, 810000, 12),
(220, 'Jugador Ber 1', '70000220A', '1990-01-15', 1.85, 82.00, 700000, 13),
(221, 'Jugador Ber 2', '70000221B', '1991-02-15', 1.88, 84.50, 740000, 13),
(222, 'Jugador Ber 3', '70000222C', '1992-03-15', 1.91, 87.00, 780000, 13),
(223, 'Jugador Ber 4', '70000223D', '1993-04-15', 1.94, 89.50, 820000, 13),
(224, 'Jugador Ber 5', '70000224E', '1994-05-15', 1.97, 92.00, 860000, 13),
(230, 'Jugador Por 1', '70000230A', '1990-01-15', 1.85, 82.00, 750000, 14),
(231, 'Jugador Por 2', '70000231B', '1991-02-15', 1.88, 84.50, 790000, 14),
(232, 'Jugador Por 3', '70000232C', '1992-03-15', 1.91, 87.00, 830000, 14),
(233, 'Jugador Por 4', '70000233D', '1993-04-15', 1.94, 89.50, 870000, 14),
(234, 'Jugador Por 5', '70000234E', '1994-05-15', 1.97, 92.00, 910000, 14),
(240, 'Jugador Dub 1', '70000240A', '1990-01-15', 1.85, 82.00, 800000, 15),
(241, 'Jugador Dub 2', '70000241B', '1991-02-15', 1.88, 84.50, 840000, 15),
(242, 'Jugador Dub 3', '70000242C', '1992-03-15', 1.91, 87.00, 880000, 15),
(243, 'Jugador Dub 4', '70000243D', '1993-04-15', 1.94, 89.50, 920000, 15),
(244, 'Jugador Dub 5', '70000244E', '1994-05-15', 1.97, 92.00, 960000, 15);
INSERT INTO partidos VALUES
(200, '2024-01-12', 'Arena 200', 11, 13, 80, 75),
(201, '2024-02-13', 'Arena 201', 12, 14, 81, 77),
(202, '2024-03-14', 'Arena 202', 13, 15, 82, 79),
(203, '2024-04-15', 'Arena 203', 14, 11, 83, 81),
(204, '2024-05-16', 'Arena 204', 15, 12, 84, 83),
(205, '2024-06-17', 'Arena 205', 11, 13, 85, 85),
(206, '2024-07-18', 'Arena 206', 12, 14, 86, 87),
(207, '2024-08-19', 'Arena 207', 13, 15, 87, 89),
(208, '2024-09-20', 'Arena 208', 14, 11, 88, 91),
(209, '2024-10-21', 'Arena 209', 15, 12, 89, 93),
(210, '2024-11-22', 'Arena 210', 11, 13, 90, 75),
(211, '2024-12-23', 'Arena 211', 12, 14, 91, 77),
(212, '2024-01-24', 'Arena 212', 13, 15, 92, 79),
(213, '2024-02-25', 'Arena 213', 14, 11, 93, 81),
(214, '2024-03-26', 'Arena 214', 15, 12, 94, 83);
INSERT INTO estadisticas VALUES
(600, 200, 200, 18, 6, 2, 4, 7, 5, 30),
(601, 201, 200, 15, 5, 1, 3, 5, 6, 28),
(602, 220, 200, 12, 4, 2, 2, 8, 3, 26),
(603, 221, 200, 10, 3, 1, 4, 6, 4, 24),
(604, 210, 201, 20, 7, 3, 5, 9, 7, 32),
(605, 211, 201, 16, 6, 2, 2, 7, 5, 29),
(606, 230, 201, 14, 5, 1, 1, 10, 4, 27),
(607, 231, 201, 11, 4, 1, 3, 8, 6, 25),
(608, 240, 202, 22, 8, 2, 6, 11, 5, 34),
(609, 241, 202, 19, 6, 3, 4, 9, 7, 33);
INSERT INTO entrenadores VALUES
(200, 'Coach Lisboa Lights', 'CT000200Z', 8, 11),
(201, 'Coach Paris Meteors', 'CT000201Z', 9, 12),
(202, 'Coach Berlin Towers', 'CT000202Z', 10, 13),
(203, 'Coach Porto Sharks', 'CT000203Z', 11, 14),
(204, 'Coach Dublin Waves', 'CT000204Z', 12, 15);

SET FOREIGN_KEY_CHECKS = 1;
